dataset,condition,method,memory_type,history_window,T_B,seed_or_episode,AP,AUC,delta_vs_current,delta_vs_tgn
Synthetic_Hard_Benchmark,T_B=25,Current_Only,none,current_graph,25,42,0.764511637797344,0.752476951445367,0.0,0.13295669938141808
Synthetic_Hard_Benchmark,T_B=25,Continuous_TGN,parametric_recurrent,all_events,25,42,0.6315549384159259,0.653839302640503,-0.13295669938141808,0.0
Synthetic_Hard_Benchmark,T_B=25,TGN_NoMemory,parametric_feedforward,current_window,25,42,0.6534203253697819,0.6850120590172857,-0.1110913124275621,0.02186538695385598
Synthetic_Hard_Benchmark,T_B=25,Historical_Retrieval,non_parametric_similarity,snapshot_cache,25,42,0.7461627177004542,0.7541196492659803,-0.01834892009688982,0.11460777928452826
Synthetic_Hard_Benchmark,T_B=25,EdgeBank_AllHistory,exact_edge_memory,all_historical_edges,25,42,0.7408647645652442,0.7088907628673609,-0.023646873232099797,0.10930982614931828
Synthetic_Hard_Benchmark,T_B=25,EdgeBank_Bounded,exact_edge_memory,regime_A_edges,25,42,0.7431399128736262,0.7127151058259157,-0.02137172492371775,0.11158497445770033
Synthetic_Hard_Benchmark,T_B=25,Random_Retrieval,non_parametric_random,snapshot_cache,25,42,0.7405079883169217,0.7493536046036368,-0.02400364948042233,0.10895304990099575
Synthetic_Hard_Benchmark,T_B=25,Historical_Oracle,oracle_summary,exact_regime_A,25,42,0.7912931524051356,0.7882732959614491,0.026781514607791657,0.15973821398920973
Synthetic_Hard_Benchmark,T_B=25,Current_Only,none,current_graph,25,43,0.7641644134449677,0.7519907056399089,0.0,0.1417509717187051
Synthetic_Hard_Benchmark,T_B=25,Continuous_TGN,parametric_recurrent,all_events,25,43,0.6224134417262626,0.6545879393438715,-0.1417509717187051,0.0
Synthetic_Hard_Benchmark,T_B=25,TGN_NoMemory,parametric_feedforward,current_window,25,43,0.6153628886341846,0.640429477659754,-0.14880152481078301,-0.007050553092077916
Synthetic_Hard_Benchmark,T_B=25,Historical_Retrieval,non_parametric_similarity,snapshot_cache,25,43,0.743551795734797,0.75156097714737,-0.020612617710170644,0.12113835400853445
Synthetic_Hard_Benchmark,T_B=25,EdgeBank_AllHistory,exact_edge_memory,all_historical_edges,25,43,0.7405283049133924,0.7088831596506046,-0.023636108531575273,0.11811486318712983
Synthetic_Hard_Benchmark,T_B=25,EdgeBank_Bounded,exact_edge_memory,regime_A_edges,25,43,0.7424578423902968,0.7124698632354141,-0.021706571054670887,0.12004440066403421
Synthetic_Hard_Benchmark,T_B=25,Random_Retrieval,non_parametric_random,snapshot_cache,25,43,0.7409820589290629,0.7491198836435683,-0.02318235451590478,0.11856861720280032
Synthetic_Hard_Benchmark,T_B=25,Historical_Oracle,oracle_summary,exact_regime_A,25,43,0.7908046253688155,0.7877001666630215,0.0266402119238478,0.1683911836425529
Synthetic_Hard_Benchmark,T_B=25,Current_Only,none,current_graph,25,44,0.7644194345860408,0.7520426319468403,0.0,0.1990036965813825
Synthetic_Hard_Benchmark,T_B=25,Continuous_TGN,parametric_recurrent,all_events,25,44,0.5654157380046583,0.595804402732706,-0.1990036965813825,0.0
Synthetic_Hard_Benchmark,T_B=25,TGN_NoMemory,parametric_feedforward,current_window,25,44,0.6519702004380459,0.684546619100671,-0.1124492341479949,0.0865544624333876
Synthetic_Hard_Benchmark,T_B=25,Historical_Retrieval,non_parametric_similarity,snapshot_cache,25,44,0.7415152012401762,0.7488308218323656,-0.022904233345864555,0.17609946323551795
Synthetic_Hard_Benchmark,T_B=25,EdgeBank_AllHistory,exact_edge_memory,all_historical_edges,25,44,0.7410389178367218,0.7087290070919999,-0.023380516749318958,0.17562317983206355
Synthetic_Hard_Benchmark,T_B=25,EdgeBank_Bounded,exact_edge_memory,regime_A_edges,25,44,0.7429103868522845,0.7127591027008291,-0.02150904773375628,0.17749464884762622
Synthetic_Hard_Benchmark,T_B=25,Random_Retrieval,non_parametric_random,snapshot_cache,25,44,0.7423842572436202,0.7500226305340988,-0.022035177342420553,0.17696851923896195
Synthetic_Hard_Benchmark,T_B=25,Historical_Oracle,oracle_summary,exact_regime_A,25,44,0.791001181613592,0.7881293554792972,0.026581747027551228,0.22558544360893373
Synthetic_Hard_Benchmark,T_B=25,Current_Only,none,current_graph,25,45,0.763319929093232,0.7516540896967615,0.0,0.18472004449800106
Synthetic_Hard_Benchmark,T_B=25,Continuous_TGN,parametric_recurrent,all_events,25,45,0.5785998845952309,0.5912596544962704,-0.18472004449800106,0.0
Synthetic_Hard_Benchmark,T_B=25,TGN_NoMemory,parametric_feedforward,current_window,25,45,0.5046337563940663,0.5059019648099984,-0.2586861726991657,-0.07396612820116466
Synthetic_Hard_Benchmark,T_B=25,Historical_Retrieval,non_parametric_similarity,snapshot_cache,25,45,0.7416962425068865,0.7493971323409092,-0.021623686586345503,0.16309635791165555
Synthetic_Hard_Benchmark,T_B=25,EdgeBank_AllHistory,exact_edge_memory,all_historical_edges,25,45,0.7397232572996539,0.7082831150114447,-0.02359667179357805,0.161123372704423
Synthetic_Hard_Benchmark,T_B=25,EdgeBank_Bounded,exact_edge_memory,regime_A_edges,25,45,0.7420229826988796,0.7125314071530495,-0.021296946394352423,0.16342309810364863
Synthetic_Hard_Benchmark,T_B=25,Random_Retrieval,non_parametric_random,snapshot_cache,25,45,0.7408807940413926,0.7486298886436419,-0.022439135051839365,0.1622809094461617
Synthetic_Hard_Benchmark,T_B=25,Historical_Oracle,oracle_summary,exact_regime_A,25,45,0.7901458650572502,0.7871614509675784,0.026825935964018166,0.21154598046201922
Synthetic_Hard_Benchmark,T_B=25,Current_Only,none,current_graph,25,46,0.7622846456426341,0.7513197099548014,0.0,0.2598979052145344
Synthetic_Hard_Benchmark,T_B=25,Continuous_TGN,parametric_recurrent,all_events,25,46,0.5023867404280997,0.5026001663708121,-0.2598979052145344,0.0
Synthetic_Hard_Benchmark,T_B=25,TGN_NoMemory,parametric_feedforward,current_window,25,46,0.608535940248531,0.6291437693946169,-0.15374870539410312,0.10614919982043125
Synthetic_Hard_Benchmark,T_B=25,Historical_Retrieval,non_parametric_similarity,snapshot_cache,25,46,0.7351999237559523,0.7422001200779482,-0.027084721886681762,0.2328131833278526
Synthetic_Hard_Benchmark,T_B=25,EdgeBank_AllHistory,exact_edge_memory,all_historical_edges,25,46,0.7396684853220741,0.7069421688069913,-0.02261616032056002,0.23728174489397436
Synthetic_Hard_Benchmark,T_B=25,EdgeBank_Bounded,exact_edge_memory,regime_A_edges,25,46,0.7417591423966146,0.7116577856951953,-0.02052550324601954,0.23937240196851484
Synthetic_Hard_Benchmark,T_B=25,Random_Retrieval,non_parametric_random,snapshot_cache,25,46,0.7401827182391983,0.7479478277597148,-0.02210192740343575,0.23779597781109862
Synthetic_Hard_Benchmark,T_B=25,Historical_Oracle,oracle_summary,exact_regime_A,25,46,0.7905202437372911,0.7876600318340525,0.028235598094657033,0.2881335033091914
Synthetic_Hard_Benchmark,T_B=25,Current_Only,none,current_graph,25,47,0.7627909454543687,0.7506992470534718,0.0,0.1103497469414394
Synthetic_Hard_Benchmark,T_B=25,Continuous_TGN,parametric_recurrent,all_events,25,47,0.6524411985129293,0.6838503416417608,-0.1103497469414394,0.0
Synthetic_Hard_Benchmark,T_B=25,TGN_NoMemory,parametric_feedforward,current_window,25,47,0.503330439586528,0.5045357520380258,-0.25946050586784064,-0.14911075892640124
Synthetic_Hard_Benchmark,T_B=25,Historical_Retrieval,non_parametric_similarity,snapshot_cache,25,47,0.7436626245198394,0.7516649279285094,-0.019128320934529208,0.09122142600691019
Synthetic_Hard_Benchmark,T_B=25,EdgeBank_AllHistory,exact_edge_memory,all_historical_edges,25,47,0.7394931211630986,0.7074335269845741,-0.02329782429127003,0.08705192265016937
Synthetic_Hard_Benchmark,T_B=25,EdgeBank_Bounded,exact_edge_memory,regime_A_edges,25,47,0.7414018490021002,0.7113191005496301,-0.021389096452268497,0.0889606504891709
Synthetic_Hard_Benchmark,T_B=25,Random_Retrieval,non_parametric_random,snapshot_cache,25,47,0.7394260664609426,0.7477936551463696,-0.023364878993426097,0.0869848679480133
Synthetic_Hard_Benchmark,T_B=25,Historical_Oracle,oracle_summary,exact_regime_A,25,47,0.7898004287639782,0.7871282404584857,0.027009483309609505,0.1373592302510489
Synthetic_Hard_Benchmark,T_B=25,Current_Only,none,current_graph,25,48,0.763647194783815,0.7509132161917746,0.0,0.23926881227716468
Synthetic_Hard_Benchmark,T_B=25,Continuous_TGN,parametric_recurrent,all_events,25,48,0.5243783825066504,0.5191953298034007,-0.23926881227716468,0.0
Synthetic_Hard_Benchmark,T_B=25,TGN_NoMemory,parametric_feedforward,current_window,25,48,0.591491342121617,0.6066738687329103,-0.17215585266219802,0.06711295961496666
Synthetic_Hard_Benchmark,T_B=25,Historical_Retrieval,non_parametric_similarity,snapshot_cache,25,48,0.7428524197334695,0.749826282681173,-0.02079477505034555,0.21847403722681913
Synthetic_Hard_Benchmark,T_B=25,EdgeBank_AllHistory,exact_edge_memory,all_historical_edges,25,48,0.7396367946427287,0.7073380562927833,-0.024010400141086352,0.21525841213607833
Synthetic_Hard_Benchmark,T_B=25,EdgeBank_Bounded,exact_edge_memory,regime_A_edges,25,48,0.7417840284547019,0.7116494703818422,-0.021863166329113115,0.21740564594805156
Synthetic_Hard_Benchmark,T_B=25,Random_Retrieval,non_parametric_random,snapshot_cache,25,48,0.7403875432596323,0.7480670513403482,-0.023259651524182745,0.21600916075298193
Synthetic_Hard_Benchmark,T_B=25,Historical_Oracle,oracle_summary,exact_regime_A,25,48,0.789768438710925,0.7876551677797299,0.026121243927109905,0.2653900562042746
Synthetic_Hard_Benchmark,T_B=25,Current_Only,none,current_graph,25,49,0.7630808088395011,0.7514001630894283,0.0,0.19352083935541642
Synthetic_Hard_Benchmark,T_B=25,Continuous_TGN,parametric_recurrent,all_events,25,49,0.5695599694840847,0.5794861251101426,-0.19352083935541642,0.0
Synthetic_Hard_Benchmark,T_B=25,TGN_NoMemory,parametric_feedforward,current_window,25,49,0.5576297872209228,0.5656921102924511,-0.2054510216185783,-0.011930182263161893
Synthetic_Hard_Benchmark,T_B=25,Historical_Retrieval,non_parametric_similarity,snapshot_cache,25,49,0.7437881217705912,0.7526833059722946,-0.019292687068909964,0.17422815228650645
Synthetic_Hard_Benchmark,T_B=25,EdgeBank_AllHistory,exact_edge_memory,all_historical_edges,25,49,0.7400568383069895,0.7086725936455942,-0.023023970532511595,0.17049686882290482
Synthetic_Hard_Benchmark,T_B=25,EdgeBank_Bounded,exact_edge_memory,regime_A_edges,25,49,0.7419090481514847,0.7127883986866262,-0.021171760688016406,0.1723490786674
Synthetic_Hard_Benchmark,T_B=25,Random_Retrieval,non_parametric_random,snapshot_cache,25,49,0.7399002283088223,0.748423800816652,-0.02318058053067884,0.17034025882473758
Synthetic_Hard_Benchmark,T_B=25,Historical_Oracle,oracle_summary,exact_regime_A,25,49,0.7894968683622717,0.7874872368401498,0.026416059522770596,0.21993689887818701
Synthetic_Hard_Benchmark,T_B=25,Current_Only,none,current_graph,25,50,0.7640230817832214,0.7516530337382995,0.0,0.12005744286885811
Synthetic_Hard_Benchmark,T_B=25,Continuous_TGN,parametric_recurrent,all_events,25,50,0.6439656389143633,0.6742334012958464,-0.12005744286885811,0.0
Synthetic_Hard_Benchmark,T_B=25,TGN_NoMemory,parametric_feedforward,current_window,25,50,0.6529803017018614,0.6843283613061204,-0.11104278008136004,0.009014662787498073
Synthetic_Hard_Benchmark,T_B=25,Historical_Retrieval,non_parametric_similarity,snapshot_cache,25,50,0.7403095210374957,0.7464711275419502,-0.023713560745725726,0.09634388212313238
Synthetic_Hard_Benchmark,T_B=25,EdgeBank_AllHistory,exact_edge_memory,all_historical_edges,25,50,0.740588710404475,0.707393783136733,-0.023434371378746377,0.09662307149011173
Synthetic_Hard_Benchmark,T_B=25,EdgeBank_Bounded,exact_edge_memory,regime_A_edges,25,50,0.7423228734989613,0.711752319450019,-0.021700208284260114,0.098357234584598
Synthetic_Hard_Benchmark,T_B=25,Random_Retrieval,non_parametric_random,snapshot_cache,25,50,0.7408639135263579,0.7486032396843129,-0.023159168256863483,0.09689827461199463
Synthetic_Hard_Benchmark,T_B=25,Historical_Oracle,oracle_summary,exact_regime_A,25,50,0.7909128251316653,0.7875022641272152,0.02688974334844385,0.14694718621730196
Synthetic_Hard_Benchmark,T_B=25,Current_Only,none,current_graph,25,51,0.7638679997275375,0.7520742511224856,0.0,0.11284926668438511
Synthetic_Hard_Benchmark,T_B=25,Continuous_TGN,parametric_recurrent,all_events,25,51,0.6510187330431524,0.6836144122965788,-0.11284926668438511,0.0
Synthetic_Hard_Benchmark,T_B=25,TGN_NoMemory,parametric_feedforward,current_window,25,51,0.5027555138653015,0.502828383300943,-0.261112485862236,-0.1482632191778509
Synthetic_Hard_Benchmark,T_B=25,Historical_Retrieval,non_parametric_similarity,snapshot_cache,25,51,0.7418161619318573,0.749348482673072,-0.022051837795680207,0.0907974288887049
Synthetic_Hard_Benchmark,T_B=25,EdgeBank_AllHistory,exact_edge_memory,all_historical_edges,25,51,0.7410863063516551,0.7080394312087563,-0.022781693375882428,0.09006757330850268
Synthetic_Hard_Benchmark,T_B=25,EdgeBank_Bounded,exact_edge_memory,regime_A_edges,25,51,0.7429583568072271,0.7127176490096234,-0.02090964292031039,0.09193962376407472
Synthetic_Hard_Benchmark,T_B=25,Random_Retrieval,non_parametric_random,snapshot_cache,25,51,0.740915583012274,0.7486563886782444,-0.02295241671526349,0.08989684996912162
Synthetic_Hard_Benchmark,T_B=25,Historical_Oracle,oracle_summary,exact_regime_A,25,51,0.7902772659713209,0.7877640015067338,0.02640926624378337,0.13925853292816848
Synthetic_Hard_Benchmark,T_B=50,Current_Only,none,current_graph,50,42,0.7641096889285466,0.7524863807168476,0.0,0.22676062337581393
Synthetic_Hard_Benchmark,T_B=50,Continuous_TGN,parametric_recurrent,all_events,50,42,0.5373490655527327,0.5815401638443005,-0.22676062337581393,0.0
Synthetic_Hard_Benchmark,T_B=50,TGN_NoMemory,parametric_feedforward,current_window,50,42,0.6501382834632122,0.6811479132995664,-0.11397140546533435,0.11278921791047958
Synthetic_Hard_Benchmark,T_B=50,Historical_Retrieval,non_parametric_similarity,snapshot_cache,50,42,0.7439337530015526,0.7511676616157688,-0.02017593592699396,0.20658468744881997
Synthetic_Hard_Benchmark,T_B=50,EdgeBank_AllHistory,exact_edge_memory,all_historical_edges,50,42,0.7404266483062063,0.7088047455819985,-0.02368304062234028,0.20307758275347365
Synthetic_Hard_Benchmark,T_B=50,EdgeBank_Bounded,exact_edge_memory,regime_A_edges,50,42,0.7429865353889331,0.713907771978088,-0.02112315353961347,0.20563746983620046
Synthetic_Hard_Benchmark,T_B=50,Random_Retrieval,non_parametric_random,snapshot_cache,50,42,0.7359224834604907,0.7425312385310157,-0.028187205468055865,0.19857341790775807
Synthetic_Hard_Benchmark,T_B=50,Historical_Oracle,oracle_summary,exact_regime_A,50,42,0.7909319774209268,0.7879348080217847,0.02682228849238022,0.25358291186819415
Synthetic_Hard_Benchmark,T_B=50,Current_Only,none,current_graph,50,43,0.7642234508774988,0.7513789762228568,0.0,0.2901588272447634
Synthetic_Hard_Benchmark,T_B=50,Continuous_TGN,parametric_recurrent,all_events,50,43,0.4740646236327354,0.47768618332448126,-0.2901588272447634,0.0
Synthetic_Hard_Benchmark,T_B=50,TGN_NoMemory,parametric_feedforward,current_window,50,43,0.627488317233559,0.6479915718679137,-0.13673513364393974,0.15342369360082364
Synthetic_Hard_Benchmark,T_B=50,Historical_Retrieval,non_parametric_similarity,snapshot_cache,50,43,0.7391935947207057,0.7460469140016408,-0.025029856156793096,0.2651289710879703
Synthetic_Hard_Benchmark,T_B=50,EdgeBank_AllHistory,exact_edge_memory,all_historical_edges,50,43,0.7402611783831058,0.7086187996810176,-0.023962272494392978,0.2661965547503704
Synthetic_Hard_Benchmark,T_B=50,EdgeBank_Bounded,exact_edge_memory,regime_A_edges,50,43,0.7426032924009729,0.7133146218225768,-0.021620158476525875,0.2685386687682375
Synthetic_Hard_Benchmark,T_B=50,Random_Retrieval,non_parametric_random,snapshot_cache,50,43,0.7346379174773853,0.741231423346112,-0.029585533400113495,0.2605732938446499
Synthetic_Hard_Benchmark,T_B=50,Historical_Oracle,oracle_summary,exact_regime_A,50,43,0.7906789720076235,0.7873648771302363,0.026455521130124726,0.3166143483748881
Synthetic_Hard_Benchmark,T_B=50,Current_Only,none,current_graph,50,44,0.7636110648606491,0.752496478883266,0.0,0.2210061580322351
Synthetic_Hard_Benchmark,T_B=50,Continuous_TGN,parametric_recurrent,all_events,50,44,0.542604906828414,0.5696787170766338,-0.2210061580322351,0.0
Synthetic_Hard_Benchmark,T_B=50,TGN_NoMemory,parametric_feedforward,current_window,50,44,0.532256364821313,0.5388433884514218,-0.23135470003933611,-0.010348542007101003
Synthetic_Hard_Benchmark,T_B=50,Historical_Retrieval,non_parametric_similarity,snapshot_cache,50,44,0.7352170267135775,0.7410304547235868,-0.028394038147071643,0.19261211988516347
Synthetic_Hard_Benchmark,T_B=50,EdgeBank_AllHistory,exact_edge_memory,all_historical_edges,50,44,0.7405676601196425,0.7075877653207053,-0.023043404741006634,0.19796275329122848
Synthetic_Hard_Benchmark,T_B=50,EdgeBank_Bounded,exact_edge_memory,regime_A_edges,50,44,0.7429040534853919,0.7130669794605233,-0.02070701137525721,0.2002991466569779
Synthetic_Hard_Benchmark,T_B=50,Random_Retrieval,non_parametric_random,snapshot_cache,50,44,0.7343721108562906,0.7410282373285892,-0.029238954004358497,0.19176720402787661
Synthetic_Hard_Benchmark,T_B=50,Historical_Oracle,oracle_summary,exact_regime_A,50,44,0.7909445337807696,0.7882755150187712,0.02733346892012045,0.24833962695235556
Synthetic_Hard_Benchmark,T_B=50,Current_Only,none,current_graph,50,45,0.7635124461164953,0.7513278695343741,0.0,0.22531400568531246
Synthetic_Hard_Benchmark,T_B=50,Continuous_TGN,parametric_recurrent,all_events,50,45,0.5381984404311828,0.5348872661387959,-0.22531400568531246,0.0
Synthetic_Hard_Benchmark,T_B=50,TGN_NoMemory,parametric_feedforward,current_window,50,45,0.6360753359795397,0.6636061905521098,-0.12743711013695558,0.09787689554835688
Synthetic_Hard_Benchmark,T_B=50,Historical_Retrieval,non_parametric_similarity,snapshot_cache,50,45,0.7337425831548245,0.739721435156004,-0.029769862961670723,0.19554414272364173
Synthetic_Hard_Benchmark,T_B=50,EdgeBank_AllHistory,exact_edge_memory,all_historical_edges,50,45,0.739168142576071,0.7071005237469263,-0.024344303540424272,0.20096970214488818
Synthetic_Hard_Benchmark,T_B=50,EdgeBank_Bounded,exact_edge_memory,regime_A_edges,50,45,0.7418045953658865,0.7118841723833979,-0.02170785075060877,0.2036061549347037
Synthetic_Hard_Benchmark,T_B=50,Random_Retrieval,non_parametric_random,snapshot_cache,50,45,0.733903908756568,0.7411282317212357,-0.0296085373599273,0.19570546832538516
Synthetic_Hard_Benchmark,T_B=50,Historical_Oracle,oracle_summary,exact_regime_A,50,45,0.7901000280372784,0.7870202767155796,0.026587581920783143,0.2519015876060956
Synthetic_Hard_Benchmark,T_B=50,Current_Only,none,current_graph,50,46,0.7629046099386579,0.7509150250910966,0.0,0.2362636574073259
Synthetic_Hard_Benchmark,T_B=50,Continuous_TGN,parametric_recurrent,all_events,50,46,0.526640952531332,0.5308996759064373,-0.2362636574073259,0.0
Synthetic_Hard_Benchmark,T_B=50,TGN_NoMemory,parametric_feedforward,current_window,50,46,0.5416114848244162,0.5947752653957359,-0.2212931251142417,0.014970532293084204
Synthetic_Hard_Benchmark,T_B=50,Historical_Retrieval,non_parametric_similarity,snapshot_cache,50,46,0.7316392934639349,0.7369779121664047,-0.03126531647472308,0.20499834093260283
Synthetic_Hard_Benchmark,T_B=50,EdgeBank_AllHistory,exact_edge_memory,all_historical_edges,50,46,0.7399805817982716,0.7074653399294943,-0.0229240281403863,0.2133396292669396
Synthetic_Hard_Benchmark,T_B=50,EdgeBank_Bounded,exact_edge_memory,regime_A_edges,50,46,0.7423937070398328,0.7129264969779989,-0.02051090289882518,0.21575275450850073
Synthetic_Hard_Benchmark,T_B=50,Random_Retrieval,non_parametric_random,snapshot_cache,50,46,0.7348235351194716,0.7414486208237752,-0.028081074819186314,0.2081825825881396
Synthetic_Hard_Benchmark,T_B=50,Historical_Oracle,oracle_summary,exact_regime_A,50,46,0.7905657828820133,0.7878035018564764,0.02766117294335535,0.26392483035068126
Synthetic_Hard_Benchmark,T_B=50,Current_Only,none,current_graph,50,47,0.762219831712867,0.7507711395392022,0.0,0.17382262314088637
Synthetic_Hard_Benchmark,T_B=50,Continuous_TGN,parametric_recurrent,all_events,50,47,0.5883972085719806,0.6141603639132518,-0.17382262314088637,0.0
Synthetic_Hard_Benchmark,T_B=50,TGN_NoMemory,parametric_feedforward,current_window,50,47,0.6426867154993913,0.6696210955436751,-0.11953311621347573,0.054289506927410636
Synthetic_Hard_Benchmark,T_B=50,Historical_Retrieval,non_parametric_similarity,snapshot_cache,50,47,0.7273293729425175,0.732209225547576,-0.034890458770349464,0.1389321643705369
Synthetic_Hard_Benchmark,T_B=50,EdgeBank_AllHistory,exact_edge_memory,all_historical_edges,50,47,0.7391421707965345,0.7068458243692287,-0.023077660916332454,0.1507449622245539
Synthetic_Hard_Benchmark,T_B=50,EdgeBank_Bounded,exact_edge_memory,regime_A_edges,50,47,0.7414342539254157,0.7125560045774909,-0.02078557778745127,0.1530370453534351
Synthetic_Hard_Benchmark,T_B=50,Random_Retrieval,non_parametric_random,snapshot_cache,50,47,0.7345015563184091,0.7415360854467813,-0.027718275394457925,0.14610434774642844
Synthetic_Hard_Benchmark,T_B=50,Historical_Oracle,oracle_summary,exact_regime_A,50,47,0.789156584184851,0.7869343326426307,0.026936752471984016,0.20075937561287038
Synthetic_Hard_Benchmark,T_B=50,Current_Only,none,current_graph,50,48,0.763081065944957,0.750905174542047,0.0,0.16304086740101664
Synthetic_Hard_Benchmark,T_B=50,Continuous_TGN,parametric_recurrent,all_events,50,48,0.6000401985439403,0.5977380945268223,-0.16304086740101664,0.0
Synthetic_Hard_Benchmark,T_B=50,TGN_NoMemory,parametric_feedforward,current_window,50,48,0.6320011288862365,0.6600276263419274,-0.13107993705872045,0.03196093034229619
Synthetic_Hard_Benchmark,T_B=50,Historical_Retrieval,non_parametric_similarity,snapshot_cache,50,48,0.7351871384356213,0.7404409258478866,-0.027893927509335614,0.13514693989168103
Synthetic_Hard_Benchmark,T_B=50,EdgeBank_AllHistory,exact_edge_memory,all_historical_edges,50,48,0.7393325833579624,0.7060200642295803,-0.02374848258699458,0.13929238481402206
Synthetic_Hard_Benchmark,T_B=50,EdgeBank_Bounded,exact_edge_memory,regime_A_edges,50,48,0.7416996245253306,0.7118337107018918,-0.02138144141962639,0.14165942598139025
Synthetic_Hard_Benchmark,T_B=50,Random_Retrieval,non_parametric_random,snapshot_cache,50,48,0.7357915468866625,0.7423162636189176,-0.027289519058294465,0.13575134834272218
Synthetic_Hard_Benchmark,T_B=50,Historical_Oracle,oracle_summary,exact_regime_A,50,48,0.789598484982152,0.7871151595260477,0.026517419037195067,0.1895582864382117
Synthetic_Hard_Benchmark,T_B=50,Current_Only,none,current_graph,50,49,0.763533172378122,0.7515588290921587,0.0,0.20317107681649305
Synthetic_Hard_Benchmark,T_B=50,Continuous_TGN,parametric_recurrent,all_events,50,49,0.560362095561629,0.5506025569762915,-0.20317107681649305,0.0
Synthetic_Hard_Benchmark,T_B=50,TGN_NoMemory,parametric_feedforward,current_window,50,49,0.5109115881843894,0.5163866043627507,-0.2526215841937326,-0.04945050737723955
Synthetic_Hard_Benchmark,T_B=50,Historical_Retrieval,non_parametric_similarity,snapshot_cache,50,49,0.7374686678914011,0.7447292070214196,-0.02606450448672093,0.17710657232977212
Synthetic_Hard_Benchmark,T_B=50,EdgeBank_AllHistory,exact_edge_memory,all_historical_edges,50,49,0.7394376388475178,0.7075566299503483,-0.02409553353060423,0.17907554328588882
Synthetic_Hard_Benchmark,T_B=50,EdgeBank_Bounded,exact_edge_memory,regime_A_edges,50,49,0.7421215387380273,0.7129967509263542,-0.021411633640094685,0.18175944317639836
Synthetic_Hard_Benchmark,T_B=50,Random_Retrieval,non_parametric_random,snapshot_cache,50,49,0.7361904169631689,0.7426435467719248,-0.027342755414953124,0.17582832140153992
Synthetic_Hard_Benchmark,T_B=50,Historical_Oracle,oracle_summary,exact_regime_A,50,49,0.7901109905718562,0.7875044457279098,0.02657781819373417,0.22974889501022722
Synthetic_Hard_Benchmark,T_B=50,Current_Only,none,current_graph,50,50,0.7642384202992645,0.7519354748873383,0.0,0.24582206498621684
Synthetic_Hard_Benchmark,T_B=50,Continuous_TGN,parametric_recurrent,all_events,50,50,0.5184163553130476,0.5261379787719568,-0.24582206498621684,0.0
Synthetic_Hard_Benchmark,T_B=50,TGN_NoMemory,parametric_feedforward,current_window,50,50,0.6497539458541486,0.6816696939399528,-0.11448447444511589,0.13133759054110095
Synthetic_Hard_Benchmark,T_B=50,Historical_Retrieval,non_parametric_similarity,snapshot_cache,50,50,0.7337430246803107,0.7389537313395834,-0.030495395618953758,0.21532666936726308
Synthetic_Hard_Benchmark,T_B=50,EdgeBank_AllHistory,exact_edge_memory,all_historical_edges,50,50,0.7401701256191027,0.7072387063639299,-0.024068294680161806,0.22175377030605503
Synthetic_Hard_Benchmark,T_B=50,EdgeBank_Bounded,exact_edge_memory,regime_A_edges,50,50,0.742371834052236,0.7118799775221905,-0.02186658624702853,0.2239554787391883
Synthetic_Hard_Benchmark,T_B=50,Random_Retrieval,non_parametric_random,snapshot_cache,50,50,0.7353560601011114,0.7421761924750139,-0.028882360198153045,0.2169397047880638
Synthetic_Hard_Benchmark,T_B=50,Historical_Oracle,oracle_summary,exact_regime_A,50,50,0.7910437057002095,0.7877120604469595,0.026805285400945067,0.2726273503871619
Synthetic_Hard_Benchmark,T_B=50,Current_Only,none,current_graph,50,51,0.7643868303503356,0.7524044077462878,0.0,0.23062033245377844
Synthetic_Hard_Benchmark,T_B=50,Continuous_TGN,parametric_recurrent,all_events,50,51,0.5337664978965572,0.5671858466653541,-0.23062033245377844,0.0
Synthetic_Hard_Benchmark,T_B=50,TGN_NoMemory,parametric_feedforward,current_window,50,51,0.6519375889431749,0.6830977108765857,-0.11244924140716073,0.11817109104661772
Synthetic_Hard_Benchmark,T_B=50,Historical_Retrieval,non_parametric_similarity,snapshot_cache,50,51,0.7372793721746127,0.7435283884356417,-0.02710745817572291,0.20351287427805553
Synthetic_Hard_Benchmark,T_B=50,EdgeBank_AllHistory,exact_edge_memory,all_historical_edges,50,51,0.7409588800572264,0.7084385823248925,-0.02342795029310918,0.20719238216066926
Synthetic_Hard_Benchmark,T_B=50,EdgeBank_Bounded,exact_edge_memory,regime_A_edges,50,51,0.7433278752180797,0.7134450483643772,-0.021058955132255863,0.20956137732152258
Synthetic_Hard_Benchmark,T_B=50,Random_Retrieval,non_parametric_random,snapshot_cache,50,51,0.7365015074187893,0.742663655607966,-0.02788532293154633,0.2027350095222321
Synthetic_Hard_Benchmark,T_B=50,Historical_Oracle,oracle_summary,exact_regime_A,50,51,0.7905659877289386,0.787940808789579,0.02617915737860299,0.25679948983238143
Synthetic_Hard_Benchmark,T_B=100,Current_Only,none,current_graph,100,42,0.7633904987386224,0.7518557255387953,0.0,0.16462987005798435
Synthetic_Hard_Benchmark,T_B=100,Continuous_TGN,parametric_recurrent,all_events,100,42,0.5987606286806381,0.618679244981607,-0.16462987005798435,0.0
Synthetic_Hard_Benchmark,T_B=100,TGN_NoMemory,parametric_feedforward,current_window,100,42,0.48761364706449384,0.5062620967325926,-0.2757768516741286,-0.11114698161614422
Synthetic_Hard_Benchmark,T_B=100,Historical_Retrieval,non_parametric_similarity,snapshot_cache,100,42,0.7318406220060404,0.7361207314803061,-0.03154987673258203,0.13307999332540232
Synthetic_Hard_Benchmark,T_B=100,EdgeBank_AllHistory,exact_edge_memory,all_historical_edges,100,42,0.7395905419888832,0.7081639586595887,-0.023799956749739226,0.14082991330824512
Synthetic_Hard_Benchmark,T_B=100,EdgeBank_Bounded,exact_edge_memory,regime_A_edges,100,42,0.7425347466166093,0.713076096831875,-0.02085575212201307,0.14377411793597128
Synthetic_Hard_Benchmark,T_B=100,Random_Retrieval,non_parametric_random,snapshot_cache,100,42,0.7309991413403198,0.7368040007831697,-0.03239135739830257,0.13223851265968178
Synthetic_Hard_Benchmark,T_B=100,Historical_Oracle,oracle_summary,exact_regime_A,100,42,0.7903622822158676,0.7876652853910218,0.02697178347724516,0.1916016535352295
Synthetic_Hard_Benchmark,T_B=100,Current_Only,none,current_graph,100,43,0.7635855625084486,0.7517793999328957,0.0,0.2503862982786603
Synthetic_Hard_Benchmark,T_B=100,Continuous_TGN,parametric_recurrent,all_events,100,43,0.5131992642297882,0.5208741336401712,-0.2503862982786603,0.0
Synthetic_Hard_Benchmark,T_B=100,TGN_NoMemory,parametric_feedforward,current_window,100,43,0.5190299938620335,0.5204742048821688,-0.24455556864641503,0.005830729632245291
Synthetic_Hard_Benchmark,T_B=100,Historical_Retrieval,non_parametric_similarity,snapshot_cache,100,43,0.7275817839546939,0.7315634377365299,-0.036003778553754695,0.21438251972490563
Synthetic_Hard_Benchmark,T_B=100,EdgeBank_AllHistory,exact_edge_memory,all_historical_edges,100,43,0.7395056171638503,0.7067452239185356,-0.02407994534459823,0.2263063529340621
Synthetic_Hard_Benchmark,T_B=100,EdgeBank_Bounded,exact_edge_memory,regime_A_edges,100,43,0.7420064710553325,0.7122469749600224,-0.021579091453116095,0.22880720682554423
Synthetic_Hard_Benchmark,T_B=100,Random_Retrieval,non_parametric_random,snapshot_cache,100,43,0.7306569404141136,0.7356574282703418,-0.032928622094335,0.21745767618432532
Synthetic_Hard_Benchmark,T_B=100,Historical_Oracle,oracle_summary,exact_regime_A,100,43,0.7904262252343577,0.7878496869629665,0.026840662725909126,0.27722696100456945
Synthetic_Hard_Benchmark,T_B=100,Current_Only,none,current_graph,100,44,0.762745275466741,0.7509013985168291,0.0,0.26235252969107614
Synthetic_Hard_Benchmark,T_B=100,Continuous_TGN,parametric_recurrent,all_events,100,44,0.5003927457756648,0.49982058725276973,-0.26235252969107614,0.0
Synthetic_Hard_Benchmark,T_B=100,TGN_NoMemory,parametric_feedforward,current_window,100,44,0.5304916223398398,0.5323028087018438,-0.23225365312690116,0.03009887656417498
Synthetic_Hard_Benchmark,T_B=100,Historical_Retrieval,non_parametric_similarity,snapshot_cache,100,44,0.7272259050590735,0.7320280533745451,-0.035519370407667505,0.22683315928340864
Synthetic_Hard_Benchmark,T_B=100,EdgeBank_AllHistory,exact_edge_memory,all_historical_edges,100,44,0.7394506508269989,0.7068950354552624,-0.02329462463974208,0.23905790505133406
Synthetic_Hard_Benchmark,T_B=100,EdgeBank_Bounded,exact_edge_memory,regime_A_edges,100,44,0.7417861481025139,0.7121865354771936,-0.020959127364227115,0.24139340232684903
Synthetic_Hard_Benchmark,T_B=100,Random_Retrieval,non_parametric_random,snapshot_cache,100,44,0.7306464362942156,0.7360707811131781,-0.03209883917252543,0.2302536905185507
Synthetic_Hard_Benchmark,T_B=100,Historical_Oracle,oracle_summary,exact_regime_A,100,44,0.7901356958412112,0.7876722894010231,0.02739042037447026,0.2897429500655464
Synthetic_Hard_Benchmark,T_B=100,Current_Only,none,current_graph,100,45,0.7637556131659445,0.7517973604728007,0.0,0.2546623840286668
Synthetic_Hard_Benchmark,T_B=100,Continuous_TGN,parametric_recurrent,all_events,100,45,0.5090932291372777,0.5095305449620325,-0.2546623840286668,0.0
Synthetic_Hard_Benchmark,T_B=100,TGN_NoMemory,parametric_feedforward,current_window,100,45,0.5230023813053393,0.5255676952574205,-0.24075323186060527,0.013909152168061545
Synthetic_Hard_Benchmark,T_B=100,Historical_Retrieval,non_parametric_similarity,snapshot_cache,100,45,0.7239042001260427,0.7264806527176603,-0.039851413039901806,0.214810970988765
Synthetic_Hard_Benchmark,T_B=100,EdgeBank_AllHistory,exact_edge_memory,all_historical_edges,100,45,0.7398371356214131,0.7077340731012022,-0.02391847754453147,0.23074390648413534
Synthetic_Hard_Benchmark,T_B=100,EdgeBank_Bounded,exact_edge_memory,regime_A_edges,100,45,0.7426576029276662,0.71320654473585,-0.021098010238278286,0.23356437379038852
Synthetic_Hard_Benchmark,T_B=100,Random_Retrieval,non_parametric_random,snapshot_cache,100,45,0.7312063508422151,0.7366356995569356,-0.032549262323729455,0.22211312170493736
Synthetic_Hard_Benchmark,T_B=100,Historical_Oracle,oracle_summary,exact_regime_A,100,45,0.7903848702674381,0.7876332066876381,0.026629257101493553,0.28129164113016036
Synthetic_Hard_Benchmark,T_B=100,Current_Only,none,current_graph,100,46,0.7628040075999558,0.7503432665345836,0.0,0.2524239334167315
Synthetic_Hard_Benchmark,T_B=100,Continuous_TGN,parametric_recurrent,all_events,100,46,0.5103800741832243,0.5128356723430194,-0.2524239334167315,0.0
Synthetic_Hard_Benchmark,T_B=100,TGN_NoMemory,parametric_feedforward,current_window,100,46,0.5954296233850709,0.6220556092843539,-0.16737438421488493,0.0850495492018466
Synthetic_Hard_Benchmark,T_B=100,Historical_Retrieval,non_parametric_similarity,snapshot_cache,100,46,0.7259745928833672,0.7302438121483159,-0.03682941471658863,0.2155945187001429
Synthetic_Hard_Benchmark,T_B=100,EdgeBank_AllHistory,exact_edge_memory,all_historical_edges,100,46,0.7399363339528957,0.7059853389497662,-0.022867673647060105,0.22955625976967142
Synthetic_Hard_Benchmark,T_B=100,EdgeBank_Bounded,exact_edge_memory,regime_A_edges,100,46,0.7424865151630313,0.711380239065705,-0.02031749243692449,0.23210644097980704
Synthetic_Hard_Benchmark,T_B=100,Random_Retrieval,non_parametric_random,snapshot_cache,100,46,0.7308821177788899,0.7367169882747161,-0.03192188982106592,0.2205020435956656
Synthetic_Hard_Benchmark,T_B=100,Historical_Oracle,oracle_summary,exact_regime_A,100,46,0.7900192234661337,0.7872520413307451,0.027215215866177922,0.27963914928290945
Synthetic_Hard_Benchmark,T_B=100,Current_Only,none,current_graph,100,47,0.7624756644815044,0.7510394370505018,0.0,0.1936007041634763
Synthetic_Hard_Benchmark,T_B=100,Continuous_TGN,parametric_recurrent,all_events,100,47,0.5688749603180281,0.585492589993214,-0.1936007041634763,0.0
Synthetic_Hard_Benchmark,T_B=100,TGN_NoMemory,parametric_feedforward,current_window,100,47,0.5108521241235405,0.5142625143797979,-0.25162354035796386,-0.05802283619448756
Synthetic_Hard_Benchmark,T_B=100,Historical_Retrieval,non_parametric_similarity,snapshot_cache,100,47,0.7259374522357102,0.7301701576243604,-0.03653821224579423,0.15706249191768207
Synthetic_Hard_Benchmark,T_B=100,EdgeBank_AllHistory,exact_edge_memory,all_historical_edges,100,47,0.7389631494175213,0.705411418736792,-0.023512515063983108,0.1700881890994932
Synthetic_Hard_Benchmark,T_B=100,EdgeBank_Bounded,exact_edge_memory,regime_A_edges,100,47,0.7416034540845327,0.7115878712557068,-0.020872210396971735,0.17272849376650456
Synthetic_Hard_Benchmark,T_B=100,Random_Retrieval,non_parametric_random,snapshot_cache,100,47,0.7308317030697475,0.7362748871863949,-0.03164396141175685,0.16195674275171945
Synthetic_Hard_Benchmark,T_B=100,Historical_Oracle,oracle_summary,exact_regime_A,100,47,0.7897423795517343,0.787251278618612,0.02726671507022993,0.22086741923370623
Synthetic_Hard_Benchmark,T_B=100,Current_Only,none,current_graph,100,48,0.7638968848383807,0.7515086153504275,0.0,0.2591033453568412
Synthetic_Hard_Benchmark,T_B=100,Continuous_TGN,parametric_recurrent,all_events,100,48,0.5047935394815395,0.5052644347417838,-0.2591033453568412,0.0
Synthetic_Hard_Benchmark,T_B=100,TGN_NoMemory,parametric_feedforward,current_window,100,48,0.5339021404762381,0.5466255033851927,-0.22999474436214262,0.029108600994698586
Synthetic_Hard_Benchmark,T_B=100,Historical_Retrieval,non_parametric_similarity,snapshot_cache,100,48,0.725345095440715,0.7292772556535699,-0.03855178939766568,0.22055155595917553
Synthetic_Hard_Benchmark,T_B=100,EdgeBank_AllHistory,exact_edge_memory,all_historical_edges,100,48,0.7401230725180042,0.7073623214053726,-0.023773812320376453,0.23532953303646476
Synthetic_Hard_Benchmark,T_B=100,EdgeBank_Bounded,exact_edge_memory,regime_A_edges,100,48,0.7425852656810081,0.7128681757892387,-0.021311619157372563,0.23779172619946864
Synthetic_Hard_Benchmark,T_B=100,Random_Retrieval,non_parametric_random,snapshot_cache,100,48,0.7315152717901482,0.7369170641663441,-0.032381613048232505,0.2267217323086087
Synthetic_Hard_Benchmark,T_B=100,Historical_Oracle,oracle_summary,exact_regime_A,100,48,0.7903981402522513,0.7876557801388093,0.026501255413870606,0.2856046007707118
Synthetic_Hard_Benchmark,T_B=100,Current_Only,none,current_graph,100,49,0.7639252689680747,0.7517821591458116,0.0,0.26211952956000895
Synthetic_Hard_Benchmark,T_B=100,Continuous_TGN,parametric_recurrent,all_events,100,49,0.5018057394080657,0.5022713378695748,-0.26211952956000895,0.0
Synthetic_Hard_Benchmark,T_B=100,TGN_NoMemory,parametric_feedforward,current_window,100,49,0.5422964542310992,0.5476576544273211,-0.2216288147369755,0.04049071482303346
Synthetic_Hard_Benchmark,T_B=100,Historical_Retrieval,non_parametric_similarity,snapshot_cache,100,49,0.7305157700912271,0.7353316506494272,-0.03340949887684752,0.22871003068316142
Synthetic_Hard_Benchmark,T_B=100,EdgeBank_AllHistory,exact_edge_memory,all_historical_edges,100,49,0.7391726109745794,0.70613560975767,-0.024752657993495242,0.2373668715665137
Synthetic_Hard_Benchmark,T_B=100,EdgeBank_Bounded,exact_edge_memory,regime_A_edges,100,49,0.7421232999225624,0.7125307878605941,-0.021801969045512237,0.2403175605144967
Synthetic_Hard_Benchmark,T_B=100,Random_Retrieval,non_parametric_random,snapshot_cache,100,49,0.7317741906815833,0.7372636848708393,-0.03215107828649133,0.22996845127351762
Synthetic_Hard_Benchmark,T_B=100,Historical_Oracle,oracle_summary,exact_regime_A,100,49,0.79040587890194,0.7877743437004074,0.026480609933865362,0.2886001394938743
Synthetic_Hard_Benchmark,T_B=100,Current_Only,none,current_graph,100,50,0.7642413702698763,0.7523672228714111,0.0,0.24970398667035043
Synthetic_Hard_Benchmark,T_B=100,Continuous_TGN,parametric_recurrent,all_events,100,50,0.5145373835995258,0.5142714732336177,-0.24970398667035043,0.0
Synthetic_Hard_Benchmark,T_B=100,TGN_NoMemory,parametric_feedforward,current_window,100,50,0.5640346498668882,0.5733081596493241,-0.20020672040298804,0.049497266267362394
Synthetic_Hard_Benchmark,T_B=100,Historical_Retrieval,non_parametric_similarity,snapshot_cache,100,50,0.7296226927404963,0.7344235260967645,-0.03461867752937997,0.21508530914097046
Synthetic_Hard_Benchmark,T_B=100,EdgeBank_AllHistory,exact_edge_memory,all_historical_edges,100,50,0.7402118163012466,0.7072353688367415,-0.024029553968629713,0.22567443270172072
Synthetic_Hard_Benchmark,T_B=100,EdgeBank_Bounded,exact_edge_memory,regime_A_edges,100,50,0.7429572284968342,0.7128650943370332,-0.021284141773042053,0.22841984489730838
Synthetic_Hard_Benchmark,T_B=100,Random_Retrieval,non_parametric_random,snapshot_cache,100,50,0.7326118527424472,0.7381691059844535,-0.03162951752742904,0.2180744691429214
Synthetic_Hard_Benchmark,T_B=100,Historical_Oracle,oracle_summary,exact_regime_A,100,50,0.7915483358690742,0.7881846761858693,0.027306965599197985,0.2770109522695484
Synthetic_Hard_Benchmark,T_B=100,Current_Only,none,current_graph,100,51,0.7643084815544474,0.7520116785959933,0.0,0.21215910890096112
Synthetic_Hard_Benchmark,T_B=100,Continuous_TGN,parametric_recurrent,all_events,100,51,0.5521493726534863,0.588872418200004,-0.21215910890096112,0.0
Synthetic_Hard_Benchmark,T_B=100,TGN_NoMemory,parametric_feedforward,current_window,100,51,0.521754157159273,0.5213234639972131,-0.24255432439517444,-0.030395215494213312
Synthetic_Hard_Benchmark,T_B=100,Historical_Retrieval,non_parametric_similarity,snapshot_cache,100,51,0.7254988824195869,0.7294736940671629,-0.038809599134860484,0.17334950976610064
Synthetic_Hard_Benchmark,T_B=100,EdgeBank_AllHistory,exact_edge_memory,all_historical_edges,100,51,0.7398506518559983,0.70769247095702,-0.02445782969844912,0.187701279202512
Synthetic_Hard_Benchmark,T_B=100,EdgeBank_Bounded,exact_edge_memory,regime_A_edges,100,51,0.7423304647198771,0.7130286098270201,-0.021978016834570346,0.19018109206639078
Synthetic_Hard_Benchmark,T_B=100,Random_Retrieval,non_parametric_random,snapshot_cache,100,51,0.7317825172835957,0.7374645552010268,-0.03252596427085175,0.17963314463010938
Synthetic_Hard_Benchmark,T_B=100,Historical_Oracle,oracle_summary,exact_regime_A,100,51,0.7902834689501812,0.7880776438646855,0.025974987395733784,0.2381340962966949
Synthetic_Hard_Benchmark,T_B=200,Current_Only,none,current_graph,200,42,0.7627221740459127,0.7509024629819788,0.0,0.2612616542858307
Synthetic_Hard_Benchmark,T_B=200,Continuous_TGN,parametric_recurrent,all_events,200,42,0.501460519760082,0.5018013758201769,-0.2612616542858307,0.0
Synthetic_Hard_Benchmark,T_B=200,TGN_NoMemory,parametric_feedforward,current_window,200,42,0.5013849460875661,0.5019666454092128,-0.2613372279583466,-7.557367251587177e-05
Synthetic_Hard_Benchmark,T_B=200,Historical_Retrieval,non_parametric_similarity,snapshot_cache,200,42,0.7208704104198959,0.7243083071890364,-0.041851763626016836,0.21940989065981387
Synthetic_Hard_Benchmark,T_B=200,EdgeBank_AllHistory,exact_edge_memory,all_historical_edges,200,42,0.738734420708786,0.706536885099218,-0.02398775333712666,0.23727390094870404
Synthetic_Hard_Benchmark,T_B=200,EdgeBank_Bounded,exact_edge_memory,regime_A_edges,200,42,0.7412818590823026,0.7120128688274212,-0.021440314963610096,0.2398213393222206
Synthetic_Hard_Benchmark,T_B=200,Random_Retrieval,non_parametric_random,snapshot_cache,200,42,0.718422216827304,0.721553535167983,-0.04429995721860869,0.21696169706722201
Synthetic_Hard_Benchmark,T_B=200,Historical_Oracle,oracle_summary,exact_regime_A,200,42,0.7895968705069933,0.7874091716800313,0.02687469646108065,0.28813635074691135
Synthetic_Hard_Benchmark,T_B=200,Current_Only,none,current_graph,200,43,0.7643512596276648,0.752432184201627,0.0,0.25894369910663984
Synthetic_Hard_Benchmark,T_B=200,Continuous_TGN,parametric_recurrent,all_events,200,43,0.505407560521025,0.5053487439157344,-0.25894369910663984,0.0
Synthetic_Hard_Benchmark,T_B=200,TGN_NoMemory,parametric_feedforward,current_window,200,43,0.503695478225086,0.5060108414552311,-0.26065578140257883,-0.0017120822959389992
Synthetic_Hard_Benchmark,T_B=200,Historical_Retrieval,non_parametric_similarity,snapshot_cache,200,43,0.7206027102130969,0.7226105265157267,-0.04374854941456796,0.21519514969207187
Synthetic_Hard_Benchmark,T_B=200,EdgeBank_AllHistory,exact_edge_memory,all_historical_edges,200,43,0.7402102702366696,0.7071184614909406,-0.024140989390995182,0.23480270971564465
Synthetic_Hard_Benchmark,T_B=200,EdgeBank_Bounded,exact_edge_memory,regime_A_edges,200,43,0.7428044091808457,0.7126015198351676,-0.021546850446819144,0.2373968486598207
Synthetic_Hard_Benchmark,T_B=200,Random_Retrieval,non_parametric_random,snapshot_cache,200,43,0.7192718320763387,0.7228252452929739,-0.0450794275513261,0.21386427155531373
Synthetic_Hard_Benchmark,T_B=200,Historical_Oracle,oracle_summary,exact_regime_A,200,43,0.7910271065144082,0.7885917232085534,0.026675846886743404,0.28561954599338324
Synthetic_Hard_Benchmark,T_B=200,Current_Only,none,current_graph,200,44,0.7634961130285709,0.7513458434645811,0.0,0.2594297875787107
Synthetic_Hard_Benchmark,T_B=200,Continuous_TGN,parametric_recurrent,all_events,200,44,0.5040663254498602,0.5064809823712154,-0.2594297875787107,0.0
Synthetic_Hard_Benchmark,T_B=200,TGN_NoMemory,parametric_feedforward,current_window,200,44,0.5039560002245543,0.5046346376439748,-0.25954011280401657,-0.00011032522530585176
Synthetic_Hard_Benchmark,T_B=200,Historical_Retrieval,non_parametric_similarity,snapshot_cache,200,44,0.7198247396885432,0.7228381161153191,-0.043671373340027686,0.21575841423868303
Synthetic_Hard_Benchmark,T_B=200,EdgeBank_AllHistory,exact_edge_memory,all_historical_edges,200,44,0.7388972587367144,0.7058680662088261,-0.024598854291856487,0.23483093328685423
Synthetic_Hard_Benchmark,T_B=200,EdgeBank_Bounded,exact_edge_memory,regime_A_edges,200,44,0.740930075162848,0.7111965852653864,-0.022566037865722866,0.23686374971298785
Synthetic_Hard_Benchmark,T_B=200,Random_Retrieval,non_parametric_random,snapshot_cache,200,44,0.7200208479735533,0.7224763199329179,-0.04347526505501764,0.21595452252369307
Synthetic_Hard_Benchmark,T_B=200,Historical_Oracle,oracle_summary,exact_regime_A,200,44,0.7904198767405326,0.7877497426926905,0.0269237637119617,0.2863535512906724
Synthetic_Hard_Benchmark,T_B=200,Current_Only,none,current_graph,200,45,0.7634851900358886,0.7514012404912418,0.0,0.2600668789227666
Synthetic_Hard_Benchmark,T_B=200,Continuous_TGN,parametric_recurrent,all_events,200,45,0.503418311113122,0.5024573014249861,-0.2600668789227666,0.0
Synthetic_Hard_Benchmark,T_B=200,TGN_NoMemory,parametric_feedforward,current_window,200,45,0.5027838402121548,0.5024737412311108,-0.2607013498237337,-0.0006344709009671323
Synthetic_Hard_Benchmark,T_B=200,Historical_Retrieval,non_parametric_similarity,snapshot_cache,200,45,0.715950642636965,0.7169158911934379,-0.0475345473989236,0.212532331523843
Synthetic_Hard_Benchmark,T_B=200,EdgeBank_AllHistory,exact_edge_memory,all_historical_edges,200,45,0.7391429730580377,0.7063100165658533,-0.024342216977850883,0.2357246619449157
Synthetic_Hard_Benchmark,T_B=200,EdgeBank_Bounded,exact_edge_memory,regime_A_edges,200,45,0.741966002120268,0.7124493087489874,-0.021519187915620575,0.238547691007146
Synthetic_Hard_Benchmark,T_B=200,Random_Retrieval,non_parametric_random,snapshot_cache,200,45,0.7187379250878058,0.7215435223827512,-0.04474726494808279,0.2153196139746838
Synthetic_Hard_Benchmark,T_B=200,Historical_Oracle,oracle_summary,exact_regime_A,200,45,0.789662832532373,0.7873237079103126,0.026177642496484466,0.28624452141925105
Synthetic_Hard_Benchmark,T_B=200,Current_Only,none,current_graph,200,46,0.7632222202582891,0.7505655241924013,0.0,0.26127170195719074
Synthetic_Hard_Benchmark,T_B=200,Continuous_TGN,parametric_recurrent,all_events,200,46,0.5019505183010984,0.5024429423338891,-0.26127170195719074,0.0
Synthetic_Hard_Benchmark,T_B=200,TGN_NoMemory,parametric_feedforward,current_window,200,46,0.5002334487668763,0.5019297822125096,-0.26298877149141286,-0.0017170695342221265
Synthetic_Hard_Benchmark,T_B=200,Historical_Retrieval,non_parametric_similarity,snapshot_cache,200,46,0.719201255676716,0.7206410361434324,-0.04402096458157312,0.21725073737561762
Synthetic_Hard_Benchmark,T_B=200,EdgeBank_AllHistory,exact_edge_memory,all_historical_edges,200,46,0.7399099068325713,0.70706472950169,-0.023312313425717823,0.23795938853147292
Synthetic_Hard_Benchmark,T_B=200,EdgeBank_Bounded,exact_edge_memory,regime_A_edges,200,46,0.742763726018028,0.7122036307570666,-0.020458494240261138,0.2408132077169296
Synthetic_Hard_Benchmark,T_B=200,Random_Retrieval,non_parametric_random,snapshot_cache,200,46,0.7203362964123556,0.7221504863251939,-0.04288592384593348,0.21838577811125726
Synthetic_Hard_Benchmark,T_B=200,Historical_Oracle,oracle_summary,exact_regime_A,200,46,0.7904610446357481,0.7869975091712982,0.027238824377458948,0.2885105263346497
Synthetic_Hard_Benchmark,T_B=200,Current_Only,none,current_graph,200,47,0.7640379571509038,0.7521800043590302,0.0,0.26237672446562565
Synthetic_Hard_Benchmark,T_B=200,Continuous_TGN,parametric_recurrent,all_events,200,47,0.5016612326852782,0.5018035663233604,-0.26237672446562565,0.0
Synthetic_Hard_Benchmark,T_B=200,TGN_NoMemory,parametric_feedforward,current_window,200,47,0.5033603128608755,0.5043126137885716,-0.2606776442900284,0.0016990801755972784
Synthetic_Hard_Benchmark,T_B=200,Historical_Retrieval,non_parametric_similarity,snapshot_cache,200,47,0.7160097390994216,0.7175983951793359,-0.048028218051482274,0.21434850641414338
Synthetic_Hard_Benchmark,T_B=200,EdgeBank_AllHistory,exact_edge_memory,all_historical_edges,200,47,0.7397236475859823,0.7071736751207229,-0.024314309564921532,0.23806241490070412
Synthetic_Hard_Benchmark,T_B=200,EdgeBank_Bounded,exact_edge_memory,regime_A_edges,200,47,0.7421200531139529,0.7130257180660604,-0.02191790403695093,0.24045882042867472
Synthetic_Hard_Benchmark,T_B=200,Random_Retrieval,non_parametric_random,snapshot_cache,200,47,0.719647642415168,0.7224412872276509,-0.04439031473573585,0.2179864097298898
Synthetic_Hard_Benchmark,T_B=200,Historical_Oracle,oracle_summary,exact_regime_A,200,47,0.7906326968482399,0.7881878770746817,0.026594739697336056,0.2889714641629617
Synthetic_Hard_Benchmark,T_B=200,Current_Only,none,current_graph,200,48,0.7635797036381338,0.7510141811335924,0.0,0.26144131444794017
Synthetic_Hard_Benchmark,T_B=200,Continuous_TGN,parametric_recurrent,all_events,200,48,0.5021383891901936,0.5026448644154724,-0.26144131444794017,0.0
Synthetic_Hard_Benchmark,T_B=200,TGN_NoMemory,parametric_feedforward,current_window,200,48,0.5034590548656783,0.5049145400909366,-0.26012064877245544,0.0013206656754847224
Synthetic_Hard_Benchmark,T_B=200,Historical_Retrieval,non_parametric_similarity,snapshot_cache,200,48,0.7189786420320239,0.7196357432585451,-0.04460106160610988,0.21684025284183028
Synthetic_Hard_Benchmark,T_B=200,EdgeBank_AllHistory,exact_edge_memory,all_historical_edges,200,48,0.7392971849234259,0.7065239020896963,-0.02428251871470788,0.23715879573323229
Synthetic_Hard_Benchmark,T_B=200,EdgeBank_Bounded,exact_edge_memory,regime_A_edges,200,48,0.742035218489072,0.7117486114690748,-0.02154448514906182,0.23989682929887834
Synthetic_Hard_Benchmark,T_B=200,Random_Retrieval,non_parametric_random,snapshot_cache,200,48,0.7202989146484104,0.7229234292768841,-0.04328078898972332,0.21816052545821685
Synthetic_Hard_Benchmark,T_B=200,Historical_Oracle,oracle_summary,exact_regime_A,200,48,0.7902631687053627,0.7873814678689408,0.026683465067228962,0.2881247795151691
Synthetic_Hard_Benchmark,T_B=200,Current_Only,none,current_graph,200,49,0.7641861653786972,0.7518651667684965,0.0,0.2622116255648864
Synthetic_Hard_Benchmark,T_B=200,Continuous_TGN,parametric_recurrent,all_events,200,49,0.5019745398138108,0.502471299246068,-0.2622116255648864,0.0
Synthetic_Hard_Benchmark,T_B=200,TGN_NoMemory,parametric_feedforward,current_window,200,49,0.5036303337922302,0.5045272026181711,-0.260555831586467,0.0016557939784194176
Synthetic_Hard_Benchmark,T_B=200,Historical_Retrieval,non_parametric_similarity,snapshot_cache,200,49,0.7233903592185393,0.7263642463346744,-0.04079580616015788,0.22141581940472854
Synthetic_Hard_Benchmark,T_B=200,EdgeBank_AllHistory,exact_edge_memory,all_historical_edges,200,49,0.7402441131062114,0.7073360231460682,-0.023942052272485803,0.23826957329240062
Synthetic_Hard_Benchmark,T_B=200,EdgeBank_Bounded,exact_edge_memory,regime_A_edges,200,49,0.7428315283375527,0.7128593205006147,-0.021354637041144486,0.24085698852374193
Synthetic_Hard_Benchmark,T_B=200,Random_Retrieval,non_parametric_random,snapshot_cache,200,49,0.7190627815648711,0.7209653776670335,-0.04512338381382608,0.21708824175106034
Synthetic_Hard_Benchmark,T_B=200,Historical_Oracle,oracle_summary,exact_regime_A,200,49,0.79122428362938,0.788117696702999,0.027038118250682808,0.2892497438155692
Synthetic_Hard_Benchmark,T_B=200,Current_Only,none,current_graph,200,50,0.764379981081582,0.7526190158662697,0.0,0.26093459250939677
Synthetic_Hard_Benchmark,T_B=200,Continuous_TGN,parametric_recurrent,all_events,200,50,0.5034453885721852,0.505161623291329,-0.26093459250939677,0.0
Synthetic_Hard_Benchmark,T_B=200,TGN_NoMemory,parametric_feedforward,current_window,200,50,0.504086091508176,0.5039181388067311,-0.26029388957340605,0.0006407029359907224
Synthetic_Hard_Benchmark,T_B=200,Historical_Retrieval,non_parametric_similarity,snapshot_cache,200,50,0.7200551401644324,0.7222416547544772,-0.04432484091714961,0.21660975159224716
Synthetic_Hard_Benchmark,T_B=200,EdgeBank_AllHistory,exact_edge_memory,all_historical_edges,200,50,0.7410793207741768,0.7096829525288486,-0.023300660307405185,0.23763393220199158
Synthetic_Hard_Benchmark,T_B=200,EdgeBank_Bounded,exact_edge_memory,regime_A_edges,200,50,0.7435070177455476,0.7157210299076514,-0.02087296333603439,0.24006162917336238
Synthetic_Hard_Benchmark,T_B=200,Random_Retrieval,non_parametric_random,snapshot_cache,200,50,0.7200532172525853,0.7224847333602631,-0.044326763828996696,0.21660782868040007
Synthetic_Hard_Benchmark,T_B=200,Historical_Oracle,oracle_summary,exact_regime_A,200,50,0.7908176169759885,0.7884990589427044,0.026437635894406508,0.2873722284038033
Synthetic_Hard_Benchmark,T_B=200,Current_Only,none,current_graph,200,51,0.7649177502679898,0.7526519617935639,0.0,0.26263388361094764
Synthetic_Hard_Benchmark,T_B=200,Continuous_TGN,parametric_recurrent,all_events,200,51,0.5022838666570422,0.5035025493056021,-0.26263388361094764,0.0
Synthetic_Hard_Benchmark,T_B=200,TGN_NoMemory,parametric_feedforward,current_window,200,51,0.5057837797808491,0.5073585992719734,-0.2591339704871407,0.0034999131238069303
Synthetic_Hard_Benchmark,T_B=200,Historical_Retrieval,non_parametric_similarity,snapshot_cache,200,51,0.7224896928391846,0.724681681464936,-0.04242805742880518,0.22020582618214246
Synthetic_Hard_Benchmark,T_B=200,EdgeBank_AllHistory,exact_edge_memory,all_historical_edges,200,51,0.7407182925582547,0.7079729105638507,-0.024199457709735084,0.23843442590121255
Synthetic_Hard_Benchmark,T_B=200,EdgeBank_Bounded,exact_edge_memory,regime_A_edges,200,51,0.7434382673106696,0.7137803053863361,-0.021479482957320162,0.24115440065362748
Synthetic_Hard_Benchmark,T_B=200,Random_Retrieval,non_parametric_random,snapshot_cache,200,51,0.7205712549601762,0.7235645447659167,-0.04434649530781365,0.218287388303134
Synthetic_Hard_Benchmark,T_B=200,Historical_Oracle,oracle_summary,exact_regime_A,200,51,0.7909469515179745,0.7882137036882835,0.026029201249984646,0.2886630848609323
SNAP_CollegeMsg,Episode_1_(W11->W12->W13),Current_Only,none,current_window,1,1,0.7124999999999999,0.7125,0.0,0.050000000000000044
SNAP_CollegeMsg,Episode_1_(W11->W12->W13),Continuous_TGN,parametric_recurrent,all_events,1,1,0.6624999999999999,0.52,-0.050000000000000044,0.0
SNAP_CollegeMsg,Episode_1_(W11->W12->W13),TGN_NoMemory,parametric_feedforward,current_window,1,1,0.7124999999999999,0.7125,0.0,0.050000000000000044
SNAP_CollegeMsg,Episode_1_(W11->W12->W13),Historical_Retrieval,non_parametric_similarity,snapshot_cache,1,1,0.7124999999999999,0.7125,0.0,0.050000000000000044
SNAP_CollegeMsg,Episode_1_(W11->W12->W13),EdgeBank_AllHistory,exact_edge_memory,all_historical_windows,1,1,0.8564489673527338,0.8153125000000001,0.14394896735273388,0.19394896735273393
SNAP_CollegeMsg,Episode_1_(W11->W12->W13),Random_Retrieval,non_parametric_random,snapshot_cache,1,1,0.7124999999999999,0.7125,0.0,0.050000000000000044
SNAP_CollegeMsg,Episode_2_(W8->W12->W19),Current_Only,none,current_window,4,2,0.6111111111111112,0.6111111111111112,0.0,0.040000000000000036
SNAP_CollegeMsg,Episode_2_(W8->W12->W19),Continuous_TGN,parametric_recurrent,all_events,4,2,0.5711111111111111,0.52,-0.040000000000000036,0.0
SNAP_CollegeMsg,Episode_2_(W8->W12->W19),TGN_NoMemory,parametric_feedforward,current_window,4,2,0.6111111111111112,0.6111111111111112,0.0,0.040000000000000036
SNAP_CollegeMsg,Episode_2_(W8->W12->W19),Historical_Retrieval,non_parametric_similarity,snapshot_cache,4,2,0.6111111111111112,0.6111111111111112,0.0,0.040000000000000036
SNAP_CollegeMsg,Episode_2_(W8->W12->W19),EdgeBank_AllHistory,exact_edge_memory,all_historical_windows,4,2,0.866224339878163,0.8251028806584362,0.2551132287670519,0.2951132287670519
SNAP_CollegeMsg,Episode_2_(W8->W12->W19),Random_Retrieval,non_parametric_random,snapshot_cache,4,2,0.7345679012345677,0.7434842249657065,0.12345679012345656,0.1634567901234566
SNAP_CollegeMsg,Episode_3_(W11->W12->W14),Current_Only,none,current_window,1,3,0.7647058823529411,0.7647058823529411,0.0,0.050000000000000044
SNAP_CollegeMsg,Episode_3_(W11->W12->W14),Continuous_TGN,parametric_recurrent,all_events,1,3,0.7147058823529411,0.52,-0.050000000000000044,0.0
SNAP_CollegeMsg,Episode_3_(W11->W12->W14),TGN_NoMemory,parametric_feedforward,current_window,1,3,0.7647058823529411,0.7647058823529411,0.0,0.050000000000000044
SNAP_CollegeMsg,Episode_3_(W11->W12->W14),Historical_Retrieval,non_parametric_similarity,snapshot_cache,1,3,0.7647058823529411,0.7647058823529411,0.0,0.050000000000000044
SNAP_CollegeMsg,Episode_3_(W11->W12->W14),EdgeBank_AllHistory,exact_edge_memory,all_historical_windows,1,3,0.9261325081644106,0.9005190311418685,0.1614266258114695,0.21142662581146954
SNAP_CollegeMsg,Episode_3_(W11->W12->W14),Random_Retrieval,non_parametric_random,snapshot_cache,1,3,0.8445378151260504,0.8321799307958478,0.0798319327731093,0.12983193277310934
SNAP_CollegeMsg,Episode_4_(W10->W12->W13),Current_Only,none,current_window,2,4,0.7124999999999999,0.7125,0.0,0.040000000000000036
SNAP_CollegeMsg,Episode_4_(W10->W12->W13),Continuous_TGN,parametric_recurrent,all_events,2,4,0.6724999999999999,0.52,-0.040000000000000036,0.0
SNAP_CollegeMsg,Episode_4_(W10->W12->W13),TGN_NoMemory,parametric_feedforward,current_window,2,4,0.7124999999999999,0.7125,0.0,0.040000000000000036
SNAP_CollegeMsg,Episode_4_(W10->W12->W13),Historical_Retrieval,non_parametric_similarity,snapshot_cache,2,4,0.7124999999999999,0.7125,0.0,0.040000000000000036
SNAP_CollegeMsg,Episode_4_(W10->W12->W13),EdgeBank_AllHistory,exact_edge_memory,all_historical_windows,2,4,0.8564489673527338,0.8153125000000001,0.14394896735273388,0.18394896735273392
SNAP_CollegeMsg,Episode_4_(W10->W12->W13),Random_Retrieval,non_parametric_random,snapshot_cache,2,4,0.7124999999999999,0.7125,0.0,0.040000000000000036
