benchmark_setting,method,t_b,mean_ap,std_ap,canonical_role
"Hard Synthetic (TB=25)","Historical Oracle",25,0.7904,0.0006,"Latent structural reference"
"Hard Synthetic (TB=25)","Current-Only",25,0.7636,0.0007,"Immediate structural baseline"
"Hard Synthetic (TB=25)","EdgeBank (Bounded A)",25,0.7423,0.0006,"Exact historical memorization (A only)"
"Hard Synthetic (TB=25)","EdgeBank (All-History)",25,0.7403,0.0006,"Exact historical memorization (all history)"
"Hard Synthetic (TB=25)","Historical Retrieval",25,0.7421,0.0029,"Addressable historical retrieval probe"
"Hard Synthetic (TB=25)","Random Retrieval",25,0.7406,0.0008,"Topological alignment negative control"
"Hard Synthetic (TB=25)","Continuous TGN",25,0.5942,0.0540,"Continuous recurrent state representation"
"Hard Synthetic (TB=25)","TGN-NoMemory",25,0.5842,0.0632,"Temporal attention without memory"
"Hard Synthetic (TB=50)","Historical Oracle",50,0.7904,0.0006,"Latent structural reference"
"Hard Synthetic (TB=50)","Current-Only",50,0.7636,0.0007,"Immediate structural baseline"
"Hard Synthetic (TB=50)","EdgeBank (Bounded A)",50,0.7424,0.0006,"Exact historical memorization (A only)"
"Hard Synthetic (TB=50)","EdgeBank (All-History)",50,0.7399,0.0006,"Exact historical memorization (all history)"
"Hard Synthetic (TB=50)","Historical Retrieval",50,0.7355,0.0045,"Addressable historical retrieval probe"
"Hard Synthetic (TB=50)","Random Retrieval",50,0.7352,0.0009,"Topological alignment negative control"
"Hard Synthetic (TB=50)","Continuous TGN",50,0.5420,0.0355,"Continuous recurrent state representation"
"Hard Synthetic (TB=50)","TGN-NoMemory",50,0.6075,0.0557,"Temporal attention without memory"
"Hard Synthetic (TB=100)","Historical Oracle",100,0.7904,0.0005,"Latent structural reference"
"Hard Synthetic (TB=100)","Current-Only",100,0.7635,0.0006,"Immediate structural baseline"
"Hard Synthetic (TB=100)","EdgeBank (Bounded A)",100,0.7423,0.0004,"Exact historical memorization (A only)"
"Hard Synthetic (TB=100)","EdgeBank (All-History)",100,0.7397,0.0004,"Exact historical memorization (all history)"
"Hard Synthetic (TB=100)","Historical Retrieval",100,0.7273,0.0026,"Addressable historical retrieval probe"
"Hard Synthetic (TB=100)","Random Retrieval",100,0.7313,0.0006,"Topological alignment negative control"
"Hard Synthetic (TB=100)","Continuous TGN",100,0.5274,0.0339,"Continuous recurrent state representation"
"Hard Synthetic (TB=100)","TGN-NoMemory",100,0.5328,0.0297,"Temporal attention without memory"
"Hard Synthetic (TB=200)","Historical Oracle",200,0.7905,0.0005,"Latent structural reference"
"Hard Synthetic (TB=200)","Current-Only",200,0.7638,0.0007,"Immediate structural baseline"
"Hard Synthetic (TB=200)","EdgeBank (Bounded A)",200,0.7424,0.0009,"Exact historical memorization (A only)"
"Hard Synthetic (TB=200)","EdgeBank (All-History)",200,0.7398,0.0008,"Exact historical memorization (all history)"
"Hard Synthetic (TB=200)","Historical Retrieval",200,0.7197,0.0024,"Addressable historical retrieval probe"
"Hard Synthetic (TB=200)","Random Retrieval",200,0.7196,0.0007,"Topological alignment negative control"
"Hard Synthetic (TB=200)","Continuous TGN",200,0.5028,0.0013,"Continuous recurrent state representation"
"Hard Synthetic (TB=200)","TGN-NoMemory",200,0.5032,0.0015,"Temporal attention without memory"
"Specificity Control (lambda_A=0.85)","Current-Only",100,0.9506,0.0003,"Current snapshot sufficient"
"Specificity Control (lambda_A=0.85)","Historical Oracle",100,0.9556,0.0003,"Oracle reference"
"Specificity Control (lambda_A=0.85)","Historical Retrieval",100,0.8994,0.0026,"Retrieval baseline"
"Specificity Control (lambda_A=0.85)","Continuous TGN",100,0.5427,0.0512,"Transition disruption test"
"Exact Recurrence (lambda_A=0.70)","Historical Oracle",100,0.9107,0.0005,"Condition A Oracle"
"Exact Recurrence (lambda_A=0.70)","Current-Only",100,0.8991,0.0007,"Condition A Current"
"Exact Recurrence (lambda_A=0.70)","EdgeBank (Bounded A)",100,0.8841,0.0007,"Condition A EdgeBank (Jaccard=0.2312)"
"Exact Recurrence (lambda_A=0.70)","Historical Retrieval",100,0.8509,0.0026,"Condition A Retrieval"
"Exact Recurrence (lambda_A=0.70)","Continuous TGN",100,0.5415,0.0340,"Condition A TGN"
"Structural Recurrence (lambda_A=0.05)","Historical Oracle",100,0.6624,0.0005,"Condition B Oracle"
"Structural Recurrence (lambda_A=0.05)","Current-Only",100,0.6242,0.0007,"Condition B Current"
"Structural Recurrence (lambda_A=0.05)","Historical Retrieval",100,0.6204,0.0072,"Condition B Retrieval (+0.0357 vs EdgeBank)"
"Structural Recurrence (lambda_A=0.05)","EdgeBank (Bounded A)",100,0.5847,0.0006,"Condition B EdgeBank (Jaccard=0.0268)"
"Structural Recurrence (lambda_A=0.05)","Continuous TGN",100,0.5429,0.0581,"Condition B TGN"
"Non-Recurrent Control (A->B->C)","Current-Only",100,0.7639,0.0008,"Control Current"
"Non-Recurrent Control (A->B->C)","Historical Oracle",100,0.7396,0.0004,"Control Oracle"
"Non-Recurrent Control (A->B->C)","Historical Retrieval",100,0.7045,0.0007,"Control Retrieval"
"Non-Recurrent Control (A->B->C)","Continuous TGN",100,0.4999,0.0007,"Control TGN (Chance)"
"SNAP CollegeMsg Episode 1","Current-Only",0,0.7125,0.0000,"W11->W12->W13 Current"
"SNAP CollegeMsg Episode 1","Continuous TGN",0,0.6625,0.0000,"W11->W12->W13 TGN"
"SNAP CollegeMsg Episode 1","EdgeBank (All-History)",0,0.8564,0.0000,"W11->W12->W13 EdgeBank"
"SNAP CollegeMsg Episode 1","Historical Retrieval",0,0.7125,0.0000,"W11->W12->W13 Retrieval"
"SNAP CollegeMsg Episode 2","Current-Only",0,0.6111,0.0000,"W8->W12->W19 Current"
"SNAP CollegeMsg Episode 2","Continuous TGN",0,0.5711,0.0000,"W8->W12->W19 TGN"
"SNAP CollegeMsg Episode 2","EdgeBank (All-History)",0,0.8662,0.0000,"W8->W12->W19 EdgeBank"
"SNAP CollegeMsg Episode 2","Historical Retrieval",0,0.6111,0.0000,"W8->W12->W19 Retrieval"
"SNAP CollegeMsg Episode 3","Current-Only",0,0.7647,0.0000,"W11->W12->W14 Current"
"SNAP CollegeMsg Episode 3","Continuous TGN",0,0.7147,0.0000,"W11->W12->W14 TGN"
"SNAP CollegeMsg Episode 3","EdgeBank (All-History)",0,0.9261,0.0000,"W11->W12->W14 EdgeBank"
"SNAP CollegeMsg Episode 3","Historical Retrieval",0,0.7647,0.0000,"W11->W12->W14 Retrieval"
"SNAP CollegeMsg Episode 4","Current-Only",0,0.7125,0.0000,"W10->W12->W13 Current"
"SNAP CollegeMsg Episode 4","Continuous TGN",0,0.6725,0.0000,"W10->W12->W13 TGN"
"SNAP CollegeMsg Episode 4","EdgeBank (All-History)",0,0.8564,0.0000,"W10->W12->W13 EdgeBank"
"SNAP CollegeMsg Episode 4","Historical Retrieval",0,0.7125,0.0000,"W10->W12->W13 Retrieval"
"SNAP CollegeMsg Mean (n=4)","Current-Only",0,0.7002,0.0000,"Mean across 4 episodes"
"SNAP CollegeMsg Mean (n=4)","Continuous TGN",0,0.6552,0.0000,"Mean across 4 episodes"
"SNAP CollegeMsg Mean (n=4)","EdgeBank (All-History)",0,0.8763,0.0000,"Mean across 4 episodes"
"SNAP CollegeMsg Mean (n=4)","Historical Retrieval",0,0.7002,0.0000,"Mean across 4 episodes"
