condition,seed,edge_jaccard_overlap,method,AP,delta_vs_current,delta_vs_edgebank
Condition_A_Exact_Recurrence,42,0.7707701498024079,Current_Only,0.9001177025216097,0.0,0.015275264207272543
Condition_A_Exact_Recurrence,42,0.7707701498024079,Continuous_TGN,0.5576250503023794,-0.3424926522192303,-0.32721738801195777
Condition_A_Exact_Recurrence,42,0.7707701498024079,EdgeBank_AllHistory,0.8898620510066217,-0.010255651514987973,0.00501961269228457
Condition_A_Exact_Recurrence,42,0.7707701498024079,EdgeBank_Bounded,0.8848424383143372,-0.015275264207272543,0.0
Condition_A_Exact_Recurrence,42,0.7707701498024079,Historical_Retrieval,0.8507348776467938,-0.049382824874815934,-0.03410756066754339
Condition_A_Exact_Recurrence,42,0.7707701498024079,Random_Retrieval,0.8521663859963537,-0.04795131652525597,-0.03267605231798343
Condition_A_Exact_Recurrence,42,0.7707701498024079,Historical_Oracle,0.9115862981887715,0.01146859566716174,0.026743859874434284
Condition_A_Exact_Recurrence,43,0.7750591586831163,Current_Only,0.8993540072912466,0.0,0.014668004387610178
Condition_A_Exact_Recurrence,43,0.7750591586831163,Continuous_TGN,0.5133530023538259,-0.38600100493742073,-0.37133300054981055
Condition_A_Exact_Recurrence,43,0.7750591586831163,EdgeBank_AllHistory,0.8898331902204145,-0.009520817070832077,0.005147187316778101
Condition_A_Exact_Recurrence,43,0.7750591586831163,EdgeBank_Bounded,0.8846860029036364,-0.014668004387610178,0.0
Condition_A_Exact_Recurrence,43,0.7750591586831163,Historical_Retrieval,0.8562062886261368,-0.0431477186651098,-0.028479714277499624
Condition_A_Exact_Recurrence,43,0.7750591586831163,Random_Retrieval,0.8495853384922997,-0.049768668798946925,-0.035100664411336746
Condition_A_Exact_Recurrence,43,0.7750591586831163,Historical_Oracle,0.9108927803876621,0.011538773096415489,0.026206777484025667
Condition_A_Exact_Recurrence,44,0.7702544570130555,Current_Only,0.899143590933046,0.0,0.014352364547627228
Condition_A_Exact_Recurrence,44,0.7702544570130555,Continuous_TGN,0.5071510651566178,-0.3919925257764282,-0.37764016122880095
Condition_A_Exact_Recurrence,44,0.7702544570130555,EdgeBank_AllHistory,0.889477974900352,-0.009665616032694002,0.0046867485149332255
Condition_A_Exact_Recurrence,44,0.7702544570130555,EdgeBank_Bounded,0.8847912263854187,-0.014352364547627228,0.0
Condition_A_Exact_Recurrence,44,0.7702544570130555,Historical_Retrieval,0.8497970432827159,-0.049346547650330086,-0.03499418310270286
Condition_A_Exact_Recurrence,44,0.7702544570130555,Random_Retrieval,0.8504002967483586,-0.04874329418468737,-0.03439092963706014
Condition_A_Exact_Recurrence,44,0.7702544570130555,Historical_Oracle,0.910762514672682,0.011618923739636022,0.02597128828726325
Condition_A_Exact_Recurrence,45,0.7728065345080763,Current_Only,0.8993074136495899,0.0,0.015063760820674843
Condition_A_Exact_Recurrence,45,0.7728065345080763,Continuous_TGN,0.5268056270858678,-0.3725017865637221,-0.3574380257430473
Condition_A_Exact_Recurrence,45,0.7728065345080763,EdgeBank_AllHistory,0.8893907425500185,-0.009916671099571395,0.005147089721103448
Condition_A_Exact_Recurrence,45,0.7728065345080763,EdgeBank_Bounded,0.884243652828915,-0.015063760820674843,0.0
Condition_A_Exact_Recurrence,45,0.7728065345080763,Historical_Retrieval,0.8490321185781525,-0.050275295071437354,-0.03521153425076251
Condition_A_Exact_Recurrence,45,0.7728065345080763,Random_Retrieval,0.8502709327864595,-0.049036480863130394,-0.03397272004245555
Condition_A_Exact_Recurrence,45,0.7728065345080763,Historical_Oracle,0.9107978260880343,0.011490412438444397,0.02655417325911924
Condition_A_Exact_Recurrence,46,0.7715178530398419,Current_Only,0.8987589309911544,0.0,0.014685789859219756
Condition_A_Exact_Recurrence,46,0.7715178530398419,Continuous_TGN,0.5525119345650245,-0.34624699642613,-0.33156120656691024
Condition_A_Exact_Recurrence,46,0.7715178530398419,EdgeBank_AllHistory,0.8896125752270714,-0.00914635576408307,0.005539434095136686
Condition_A_Exact_Recurrence,46,0.7715178530398419,EdgeBank_Bounded,0.8840731411319347,-0.014685789859219756,0.0
Condition_A_Exact_Recurrence,46,0.7715178530398419,Historical_Retrieval,0.8483700373065541,-0.05038889368460031,-0.035703103825380555
Condition_A_Exact_Recurrence,46,0.7715178530398419,Random_Retrieval,0.8493478264929466,-0.04941110449820785,-0.03472531463898809
Condition_A_Exact_Recurrence,46,0.7715178530398419,Historical_Oracle,0.9104787128380929,0.011719781846938448,0.026405571706158204
Condition_A_Exact_Recurrence,47,0.7763287797038227,Current_Only,0.8983911032006975,0.0,0.014874037978933496
Condition_A_Exact_Recurrence,47,0.7763287797038227,Continuous_TGN,0.529960221740888,-0.3684308814598095,-0.353556843480876
Condition_A_Exact_Recurrence,47,0.7763287797038227,EdgeBank_AllHistory,0.8886173184531987,-0.009773784747498793,0.005100253231434704
Condition_A_Exact_Recurrence,47,0.7763287797038227,EdgeBank_Bounded,0.883517065221764,-0.014874037978933496,0.0
Condition_A_Exact_Recurrence,47,0.7763287797038227,Historical_Retrieval,0.8512859742574423,-0.04710512894325514,-0.03223109096432164
Condition_A_Exact_Recurrence,47,0.7763287797038227,Random_Retrieval,0.850122380905206,-0.048268722295491506,-0.03339468431655801
Condition_A_Exact_Recurrence,47,0.7763287797038227,Historical_Oracle,0.9105671534229691,0.01217605022227164,0.027050088201205136
Condition_A_Exact_Recurrence,48,0.7730057127125061,Current_Only,0.8978415729617645,0.0,0.014024168421828409
Condition_A_Exact_Recurrence,48,0.7730057127125061,Continuous_TGN,0.5997417113559302,-0.29809986160583424,-0.28407569318400583
Condition_A_Exact_Recurrence,48,0.7730057127125061,EdgeBank_AllHistory,0.888501972824003,-0.009339600137761472,0.004684568284066937
Condition_A_Exact_Recurrence,48,0.7730057127125061,EdgeBank_Bounded,0.8838174045399361,-0.014024168421828409,0.0
Condition_A_Exact_Recurrence,48,0.7730057127125061,Historical_Retrieval,0.8489513402503401,-0.04889023271142434,-0.03486606428959593
Condition_A_Exact_Recurrence,48,0.7730057127125061,Random_Retrieval,0.8490013827559101,-0.048840190205854395,-0.034816021784025986
Condition_A_Exact_Recurrence,48,0.7730057127125061,Historical_Oracle,0.9097491968621567,0.011907623900392239,0.025931792322220648
Condition_A_Exact_Recurrence,49,0.7694850662320072,Current_Only,0.8993695575955472,0.0,0.015383163239784059
Condition_A_Exact_Recurrence,49,0.7694850662320072,Continuous_TGN,0.5061983953935636,-0.39317116220198356,-0.3777879989621995
Condition_A_Exact_Recurrence,49,0.7694850662320072,EdgeBank_AllHistory,0.8886495463895596,-0.010720011205987534,0.004663152033796525
Condition_A_Exact_Recurrence,49,0.7694850662320072,EdgeBank_Bounded,0.8839863943557631,-0.015383163239784059,0.0
Condition_A_Exact_Recurrence,49,0.7694850662320072,Historical_Retrieval,0.8515973286299694,-0.04777222896557776,-0.0323890657257937
Condition_A_Exact_Recurrence,49,0.7694850662320072,Random_Retrieval,0.8505882046851423,-0.04878135291040486,-0.033398189670620804
Condition_A_Exact_Recurrence,49,0.7694850662320072,Historical_Oracle,0.9104112253003093,0.011041667704762115,0.026424830944546174
Condition_A_Exact_Recurrence,50,0.7706253585771659,Current_Only,0.8987208995667505,0.0,0.016030094828916597
Condition_A_Exact_Recurrence,50,0.7706253585771659,Continuous_TGN,0.5949928653645384,-0.30372803420221206,-0.28769793937329546
Condition_A_Exact_Recurrence,50,0.7706253585771659,EdgeBank_AllHistory,0.8886458804502058,-0.010075019116544737,0.00595507571237186
Condition_A_Exact_Recurrence,50,0.7706253585771659,EdgeBank_Bounded,0.8826908047378339,-0.016030094828916597,0.0
Condition_A_Exact_Recurrence,50,0.7706253585771659,Historical_Retrieval,0.8485666366478869,-0.0501542629188636,-0.034124168089947005
Condition_A_Exact_Recurrence,50,0.7706253585771659,Random_Retrieval,0.849048876681663,-0.04967202288508754,-0.033641928056170944
Condition_A_Exact_Recurrence,50,0.7706253585771659,Historical_Oracle,0.910151672450433,0.01143077288368255,0.027460867712599146
Condition_A_Exact_Recurrence,51,0.7722163600495481,Current_Only,0.8997217835036537,0.0,0.015177671248584046
Condition_A_Exact_Recurrence,51,0.7722163600495481,Continuous_TGN,0.5262730116245338,-0.37344877187911996,-0.3582711006305359
Condition_A_Exact_Recurrence,51,0.7722163600495481,EdgeBank_AllHistory,0.889972634142016,-0.009749149361637732,0.005428521886946314
Condition_A_Exact_Recurrence,51,0.7722163600495481,EdgeBank_Bounded,0.8845441122550697,-0.015177671248584046,0.0
Condition_A_Exact_Recurrence,51,0.7722163600495481,Historical_Retrieval,0.8544157579120744,-0.04530602559157937,-0.030128354342995323
Condition_A_Exact_Recurrence,51,0.7722163600495481,Random_Retrieval,0.850756067953867,-0.04896571554978668,-0.033788044301202635
Condition_A_Exact_Recurrence,51,0.7722163600495481,Historical_Oracle,0.9112583069422405,0.011536523438586799,0.026714194687170845
Condition_B_Structural_Recurrence,42,0.9894755618979665,Current_Only,0.6247950363754509,0.0,0.03997683145356601
Condition_B_Structural_Recurrence,42,0.9894755618979665,Continuous_TGN,0.6098334799513391,-0.014961556424111788,0.02501527502945422
Condition_B_Structural_Recurrence,42,0.9894755618979665,EdgeBank_AllHistory,0.5836940988827022,-0.04110093749274868,-0.0011241060391826707
Condition_B_Structural_Recurrence,42,0.9894755618979665,EdgeBank_Bounded,0.5848182049218849,-0.03997683145356601,0.0
Condition_B_Structural_Recurrence,42,0.9894755618979665,Historical_Retrieval,0.6214933405222557,-0.0033016958531951746,0.036675135600370834
Condition_B_Structural_Recurrence,42,0.9894755618979665,Random_Retrieval,0.6214416983380325,-0.0033533380374183297,0.03662349341614768
Condition_B_Structural_Recurrence,42,0.9894755618979665,Historical_Oracle,0.6629839827224906,0.03818894634703973,0.07816577780060574
Condition_B_Structural_Recurrence,43,0.9894753272236716,Current_Only,0.6243286391727497,0.0,0.03958212412688744
Condition_B_Structural_Recurrence,43,0.9894753272236716,Continuous_TGN,0.5036915859012351,-0.12063705327151464,-0.0810549291446272
Condition_B_Structural_Recurrence,43,0.9894753272236716,EdgeBank_AllHistory,0.5834783171242892,-0.04085032204846051,-0.0012681979215730665
Condition_B_Structural_Recurrence,43,0.9894753272236716,EdgeBank_Bounded,0.5847465150458623,-0.03958212412688744,0.0
Condition_B_Structural_Recurrence,43,0.9894753272236716,Historical_Retrieval,0.6256175757956857,0.0012889366229359434,0.040871060749823385
Condition_B_Structural_Recurrence,43,0.9894753272236716,Random_Retrieval,0.6213893121563571,-0.0029393270163926566,0.036642797110494785
Condition_B_Structural_Recurrence,43,0.9894753272236716,Historical_Oracle,0.662572353161802,0.03824371398905224,0.07782583811593968
Condition_B_Structural_Recurrence,44,0.9890739625838963,Current_Only,0.6237712356555037,0.0,0.03951598230703646
Condition_B_Structural_Recurrence,44,0.9890739625838963,Continuous_TGN,0.5022883697990763,-0.12148286585642742,-0.08196688354939097
Condition_B_Structural_Recurrence,44,0.9890739625838963,EdgeBank_AllHistory,0.5831482771131553,-0.04062295854234843,-0.0011069762353119739
Condition_B_Structural_Recurrence,44,0.9890739625838963,EdgeBank_Bounded,0.5842552533484673,-0.03951598230703646,0.0
Condition_B_Structural_Recurrence,44,0.9890739625838963,Historical_Retrieval,0.6212059449307737,-0.002565290724729996,0.03695069158230646
Condition_B_Structural_Recurrence,44,0.9890739625838963,Random_Retrieval,0.620602235676313,-0.003168999979190734,0.03634698232784572
Condition_B_Structural_Recurrence,44,0.9890739625838963,Historical_Oracle,0.6622788747729756,0.038507639117471903,0.07802362142450836
Condition_B_Structural_Recurrence,45,0.9904347826086957,Current_Only,0.6239705181802939,0.0,0.03990624767107931
Condition_B_Structural_Recurrence,45,0.9904347826086957,Continuous_TGN,0.5946314746717468,-0.029339043508547102,0.010567204162532207
Condition_B_Structural_Recurrence,45,0.9904347826086957,EdgeBank_AllHistory,0.5830443372452401,-0.040926180935053846,-0.0010199332639745373
Condition_B_Structural_Recurrence,45,0.9904347826086957,EdgeBank_Bounded,0.5840642705092146,-0.03990624767107931,0.0
Condition_B_Structural_Recurrence,45,0.9904347826086957,Historical_Retrieval,0.6235229799567469,-0.0004475382235470393,0.03945870944753227
Condition_B_Structural_Recurrence,45,0.9904347826086957,Random_Retrieval,0.6212909169112,-0.0026796012690939452,0.037226646401985364
Condition_B_Structural_Recurrence,45,0.9904347826086957,Historical_Oracle,0.6616130751265104,0.03764255694621643,0.07754880461729574
Condition_B_Structural_Recurrence,46,0.99010011371491,Current_Only,0.624090268049027,0.0,0.04026123978870799
Condition_B_Structural_Recurrence,46,0.99010011371491,Continuous_TGN,0.5087075425475823,-0.11538272550144468,-0.07512148571273669
Condition_B_Structural_Recurrence,46,0.99010011371491,EdgeBank_AllHistory,0.5826159161362683,-0.04147435191275872,-0.0012131121240507303
Condition_B_Structural_Recurrence,46,0.99010011371491,EdgeBank_Bounded,0.583829028260319,-0.04026123978870799,0.0
Condition_B_Structural_Recurrence,46,0.99010011371491,Historical_Retrieval,0.6129329844240174,-0.011157283625009562,0.02910395616369843
Condition_B_Structural_Recurrence,46,0.99010011371491,Random_Retrieval,0.6219170764531246,-0.0021731915959024573,0.038088048192805535
Condition_B_Structural_Recurrence,46,0.99010011371491,Historical_Oracle,0.6626718240713313,0.038581556022304286,0.07884279581101228
Condition_B_Structural_Recurrence,47,0.9901893018796406,Current_Only,0.6235305282289814,0.0,0.039164084895641604
Condition_B_Structural_Recurrence,47,0.9901893018796406,Continuous_TGN,0.4712721649691807,-0.1522583632598007,-0.11309427836415908
Condition_B_Structural_Recurrence,47,0.9901893018796406,EdgeBank_AllHistory,0.5832403025571449,-0.04029022567183649,-0.0011261407761948838
Condition_B_Structural_Recurrence,47,0.9901893018796406,EdgeBank_Bounded,0.5843664433333398,-0.039164084895641604,0.0
Condition_B_Structural_Recurrence,47,0.9901893018796406,Historical_Retrieval,0.6105688888123905,-0.012961639416590898,0.026202445479050707
Condition_B_Structural_Recurrence,47,0.9901893018796406,Random_Retrieval,0.6216041187019501,-0.0019264095270312698,0.037237675368610335
Condition_B_Structural_Recurrence,47,0.9901893018796406,Historical_Oracle,0.6619946230911298,0.03846409486214841,0.07762817975779002
Condition_B_Structural_Recurrence,48,0.9901224107560926,Current_Only,0.6235338549232332,0.0,0.039240812921459645
Condition_B_Structural_Recurrence,48,0.9901224107560926,Continuous_TGN,0.5137113975883835,-0.10982245733484974,-0.0705816444133901
Condition_B_Structural_Recurrence,48,0.9901224107560926,EdgeBank_AllHistory,0.5831187560175973,-0.04041509890563588,-0.0011742859841762376
Condition_B_Structural_Recurrence,48,0.9901224107560926,EdgeBank_Bounded,0.5842930420017736,-0.039240812921459645,0.0
Condition_B_Structural_Recurrence,48,0.9901224107560926,Historical_Retrieval,0.6356168186710269,0.012082963747793718,0.05132377666925336
Condition_B_Structural_Recurrence,48,0.9901224107560926,Random_Retrieval,0.6220519891946847,-0.0014818657285484704,0.037758947192911174
Condition_B_Structural_Recurrence,48,0.9901224107560926,Historical_Oracle,0.6619666068296515,0.03843275190641826,0.0776735648278779
Condition_B_Structural_Recurrence,49,0.9905904388155548,Current_Only,0.6239713031426152,0.0,0.03902264964919866
Condition_B_Structural_Recurrence,49,0.9905904388155548,Continuous_TGN,0.5065426535074549,-0.11742864963516031,-0.07840599998596165
Condition_B_Structural_Recurrence,49,0.9905904388155548,EdgeBank_AllHistory,0.583999753225772,-0.03997154991684315,-0.0009489002676444924
Condition_B_Structural_Recurrence,49,0.9905904388155548,EdgeBank_Bounded,0.5849486534934165,-0.03902264964919866,0.0
Condition_B_Structural_Recurrence,49,0.9905904388155548,Historical_Retrieval,0.6150090052825229,-0.008962297860092283,0.030060351789106377
Condition_B_Structural_Recurrence,49,0.9905904388155548,Random_Retrieval,0.6224133676986093,-0.0015579354440058424,0.03746471420519282
Condition_B_Structural_Recurrence,49,0.9905904388155548,Historical_Oracle,0.6624931973269699,0.0385218941843547,0.07754454383355336
Condition_B_Structural_Recurrence,50,0.9904120585087406,Current_Only,0.6256335575306683,0.0,0.04025085061036371
Condition_B_Structural_Recurrence,50,0.9904120585087406,Continuous_TGN,0.5711796645243119,-0.05445389300635639,-0.014203042395992682
Condition_B_Structural_Recurrence,50,0.9904120585087406,EdgeBank_AllHistory,0.5842083053924674,-0.04142525213820092,-0.00117440152783721
Condition_B_Structural_Recurrence,50,0.9904120585087406,EdgeBank_Bounded,0.5853827069203046,-0.04025085061036371,0.0
Condition_B_Structural_Recurrence,50,0.9904120585087406,Historical_Retrieval,0.6171632284364472,-0.008470329094221074,0.031780521516142635
Condition_B_Structural_Recurrence,50,0.9904120585087406,Random_Retrieval,0.6227736703288996,-0.0028598872017686627,0.037390963408595046
Condition_B_Structural_Recurrence,50,0.9904120585087406,Historical_Oracle,0.6629209813432628,0.03728742381259453,0.07753827442295824
Condition_B_Structural_Recurrence,51,0.9892530657748049,Current_Only,0.6246973869565062,0.0,0.038727093416948244
Condition_B_Structural_Recurrence,51,0.9892530657748049,Continuous_TGN,0.6468551632451948,0.022157776288688535,0.06088486970563678
Condition_B_Structural_Recurrence,51,0.9892530657748049,EdgeBank_AllHistory,0.5846213719335644,-0.04007601502294178,-0.001348921605993536
Condition_B_Structural_Recurrence,51,0.9892530657748049,EdgeBank_Bounded,0.585970293539558,-0.038727093416948244,0.0
Condition_B_Structural_Recurrence,51,0.9892530657748049,Historical_Retrieval,0.6209268260696237,-0.0037705608868825458,0.0349565325300657
Condition_B_Structural_Recurrence,51,0.9892530657748049,Random_Retrieval,0.6229721694703236,-0.0017252174861825953,0.03700187593076565
Condition_B_Structural_Recurrence,51,0.9892530657748049,Historical_Oracle,0.6628644528537098,0.038167065897203534,0.07689415931415178
Control_Non_Recurrent_A_B_C,42,0.9519421699649718,Current_Only,0.7649225105143113,0.0,0.028946376073512137
Control_Non_Recurrent_A_B_C,42,0.9519421699649718,Continuous_TGN,0.4994815956331446,-0.26544091488116667,-0.23649453880765453
Control_Non_Recurrent_A_B_C,42,0.9519421699649718,EdgeBank_AllHistory,0.7400343188444285,-0.024888191669882764,0.004058184403629372
Control_Non_Recurrent_A_B_C,42,0.9519421699649718,EdgeBank_Bounded,0.7359761344407991,-0.028946376073512137,0.0
Control_Non_Recurrent_A_B_C,42,0.9519421699649718,Historical_Retrieval,0.7048982225804128,-0.06002428793389847,-0.03107791186038633
Control_Non_Recurrent_A_B_C,42,0.9519421699649718,Random_Retrieval,0.7046867978353796,-0.060235712678931685,-0.03128933660541955
Control_Non_Recurrent_A_B_C,42,0.9519421699649718,Historical_Oracle,0.7399917893714338,-0.02493072114287742,0.004015654930634716
Control_Non_Recurrent_A_B_C,43,0.9529291036452059,Current_Only,0.7629471030015333,0.0,0.028269173187910668
Control_Non_Recurrent_A_B_C,43,0.9529291036452059,Continuous_TGN,0.5002825715655352,-0.2626645314359981,-0.23439535824808744
Control_Non_Recurrent_A_B_C,43,0.9529291036452059,EdgeBank_AllHistory,0.7391990358182134,-0.0237480671833199,0.004521106004590769
Control_Non_Recurrent_A_B_C,43,0.9529291036452059,EdgeBank_Bounded,0.7346779298136227,-0.028269173187910668,0.0
Control_Non_Recurrent_A_B_C,43,0.9529291036452059,Historical_Retrieval,0.7040992636302166,-0.05884783937131677,-0.0305786661834061
Control_Non_Recurrent_A_B_C,43,0.9529291036452059,Random_Retrieval,0.7023165779027563,-0.06063052509877709,-0.03236135191086642
Control_Non_Recurrent_A_B_C,43,0.9529291036452059,Historical_Oracle,0.7388462191610196,-0.024100883840513787,0.004168289347396881
Control_Non_Recurrent_A_B_C,44,0.9527687296416938,Current_Only,0.7646055620727401,0.0,0.028014133703666122
Control_Non_Recurrent_A_B_C,44,0.9527687296416938,Continuous_TGN,0.5007787714290328,-0.2638267906437073,-0.23581265694004117
Control_Non_Recurrent_A_B_C,44,0.9527687296416938,EdgeBank_AllHistory,0.7395952753541032,-0.02501028671863692,0.0030038469850292016
Control_Non_Recurrent_A_B_C,44,0.9527687296416938,EdgeBank_Bounded,0.736591428369074,-0.028014133703666122,0.0
Control_Non_Recurrent_A_B_C,44,0.9527687296416938,Historical_Retrieval,0.7037421194425595,-0.06086344263018062,-0.0328493089265145
Control_Non_Recurrent_A_B_C,44,0.9527687296416938,Random_Retrieval,0.7039468876128477,-0.06065867445989237,-0.03264454075622625
Control_Non_Recurrent_A_B_C,44,0.9527687296416938,Historical_Oracle,0.7399218518792625,-0.024683710193477593,0.0033304235101885293
Control_Non_Recurrent_A_B_C,45,0.9535355788534463,Current_Only,0.7646945840127609,0.0,0.02836850417546355
Control_Non_Recurrent_A_B_C,45,0.9535355788534463,Continuous_TGN,0.5003455912085137,-0.2643489928042472,-0.23598048862878362
Control_Non_Recurrent_A_B_C,45,0.9535355788534463,EdgeBank_AllHistory,0.7399110432656144,-0.024783540747146504,0.003584963428317045
Control_Non_Recurrent_A_B_C,45,0.9535355788534463,EdgeBank_Bounded,0.7363260798372974,-0.02836850417546355,0.0
Control_Non_Recurrent_A_B_C,45,0.9535355788534463,Historical_Retrieval,0.7058790401224342,-0.05881554389032673,-0.030447039714863178
Control_Non_Recurrent_A_B_C,45,0.9535355788534463,Random_Retrieval,0.7047320009625939,-0.059962583050166995,-0.031594078874703446
Control_Non_Recurrent_A_B_C,45,0.9535355788534463,Historical_Oracle,0.7401232610064362,-0.024571323006324697,0.0037971811691388524
Control_Non_Recurrent_A_B_C,46,0.9545525534905513,Current_Only,0.7636533119433712,0.0,0.028943944775301156
Control_Non_Recurrent_A_B_C,46,0.9545525534905513,Continuous_TGN,0.5001018202755012,-0.26355149166786995,-0.2346075468925688
Control_Non_Recurrent_A_B_C,46,0.9545525534905513,EdgeBank_AllHistory,0.7395666301819679,-0.024086681761403272,0.004857263013897883
Control_Non_Recurrent_A_B_C,46,0.9545525534905513,EdgeBank_Bounded,0.73470936716807,-0.028943944775301156,0.0
Control_Non_Recurrent_A_B_C,46,0.9545525534905513,Historical_Retrieval,0.7037907403919708,-0.0598625715514004,-0.030918626776099245
Control_Non_Recurrent_A_B_C,46,0.9545525534905513,Random_Retrieval,0.7048102110720937,-0.05884310087127742,-0.029899156095976265
Control_Non_Recurrent_A_B_C,46,0.9545525534905513,Historical_Oracle,0.7399003492109957,-0.023752962732375482,0.005190982042925674
Control_Non_Recurrent_A_B_C,47,0.9526858213616489,Current_Only,0.7647793935303668,0.0,0.029620058855976183
Control_Non_Recurrent_A_B_C,47,0.9526858213616489,Continuous_TGN,0.49883221781688697,-0.26594717571347987,-0.23632711685750368
Control_Non_Recurrent_A_B_C,47,0.9526858213616489,EdgeBank_AllHistory,0.7394447631374887,-0.025334630392878088,0.0042854284630980954
Control_Non_Recurrent_A_B_C,47,0.9526858213616489,EdgeBank_Bounded,0.7351593346743907,-0.029620058855976183,0.0
Control_Non_Recurrent_A_B_C,47,0.9526858213616489,Historical_Retrieval,0.7038567584725259,-0.0609226350578409,-0.03130257620186472
Control_Non_Recurrent_A_B_C,47,0.9526858213616489,Random_Retrieval,0.7038189647298565,-0.060960428800510336,-0.03134036994453415
Control_Non_Recurrent_A_B_C,47,0.9526858213616489,Historical_Oracle,0.7396009802918537,-0.02517841323851311,0.004441645617463075
Control_Non_Recurrent_A_B_C,48,0.9541306918323182,Current_Only,0.763672720135136,0.0,0.026948889019397737
Control_Non_Recurrent_A_B_C,48,0.9541306918323182,Continuous_TGN,0.4984274210426385,-0.2652452990924975,-0.23829641007309976
Control_Non_Recurrent_A_B_C,48,0.9541306918323182,EdgeBank_AllHistory,0.7403340371943354,-0.023338682940800548,0.003610206078597189
Control_Non_Recurrent_A_B_C,48,0.9541306918323182,EdgeBank_Bounded,0.7367238311157382,-0.026948889019397737,0.0
Control_Non_Recurrent_A_B_C,48,0.9541306918323182,Historical_Retrieval,0.7043924749548374,-0.05928024518029862,-0.03233135616090088
Control_Non_Recurrent_A_B_C,48,0.9541306918323182,Random_Retrieval,0.7043185070292894,-0.05935421310584654,-0.032405324086448806
Control_Non_Recurrent_A_B_C,48,0.9541306918323182,Historical_Oracle,0.7392777721967174,-0.024394947938418565,0.002553941080979172
Control_Non_Recurrent_A_B_C,49,0.9540709346419808,Current_Only,0.7634147511135609,0.0,0.027983433500609944
Control_Non_Recurrent_A_B_C,49,0.9540709346419808,Continuous_TGN,0.5001885041937906,-0.26322624691977037,-0.23524281341916042
Control_Non_Recurrent_A_B_C,49,0.9540709346419808,EdgeBank_AllHistory,0.7391588897281314,-0.024255861385429567,0.0037275721151803776
Control_Non_Recurrent_A_B_C,49,0.9540709346419808,EdgeBank_Bounded,0.735431317612951,-0.027983433500609944,0.0
Control_Non_Recurrent_A_B_C,49,0.9540709346419808,Historical_Retrieval,0.7053013473739892,-0.058113403739571745,-0.0301299702389618
Control_Non_Recurrent_A_B_C,49,0.9540709346419808,Random_Retrieval,0.7036337044144032,-0.059781046699157736,-0.03179761319854779
Control_Non_Recurrent_A_B_C,49,0.9540709346419808,Historical_Oracle,0.7394818166149266,-0.023932934498634317,0.004050499001975627
Control_Non_Recurrent_A_B_C,50,0.9546407853636769,Current_Only,0.7632348548758557,0.0,0.02823701588196348
Control_Non_Recurrent_A_B_C,50,0.9546407853636769,Continuous_TGN,0.5003246085088933,-0.2629102463669625,-0.234673230484999
Control_Non_Recurrent_A_B_C,50,0.9546407853636769,EdgeBank_AllHistory,0.7391106562691976,-0.024124198606658154,0.004112817275305325
Control_Non_Recurrent_A_B_C,50,0.9546407853636769,EdgeBank_Bounded,0.7349978389938923,-0.02823701588196348,0.0
Control_Non_Recurrent_A_B_C,50,0.9546407853636769,Historical_Retrieval,0.7039279632319129,-0.05930689164394287,-0.031069875761979393
Control_Non_Recurrent_A_B_C,50,0.9546407853636769,Random_Retrieval,0.7035739409464334,-0.0596609139294223,-0.03142389804745882
Control_Non_Recurrent_A_B_C,50,0.9546407853636769,Historical_Oracle,0.7394259806589915,-0.023808874216864284,0.0044281416650991945
Control_Non_Recurrent_A_B_C,51,0.9535578853446353,Current_Only,0.7629759883490776,0.0,0.028003775445145984
Control_Non_Recurrent_A_B_C,51,0.9535578853446353,Continuous_TGN,0.4998384596619422,-0.26313752868713547,-0.23513375324198948
Control_Non_Recurrent_A_B_C,51,0.9535578853446353,EdgeBank_AllHistory,0.7387698084733267,-0.02420617987575091,0.0037975955693950736
Control_Non_Recurrent_A_B_C,51,0.9535578853446353,EdgeBank_Bounded,0.7349722129039317,-0.028003775445145984,0.0
Control_Non_Recurrent_A_B_C,51,0.9535578853446353,Historical_Retrieval,0.7048889218286019,-0.058087066520475794,-0.03008329107532981
Control_Non_Recurrent_A_B_C,51,0.9535578853446353,Random_Retrieval,0.7038197333350502,-0.05915625501402744,-0.031152479568881453
Control_Non_Recurrent_A_B_C,51,0.9535578853446353,Historical_Oracle,0.7389367118095659,-0.024039276539511767,0.003964498905634217
