T_B,seed,epoch,train_loss,val_ap,val_auc,final_test_ap
25,42,1,0.6945428964445146,0.49725563233529935,0.49626944239445386,0.652435211202868
25,42,2,0.693273775153241,0.5005934041930041,0.5009362317618279,0.652435211202868
25,42,3,0.6931886066824703,0.499181623297332,0.49934243255132715,0.652435211202868
25,42,4,0.6932341900922484,0.4957442819117375,0.49472209283727464,0.652435211202868
25,42,5,0.6930527924481085,0.49863996134835653,0.49884496624543784,0.652435211202868
25,42,6,0.6921538846977686,0.5018018046198833,0.5027108904082537,0.652435211202868
25,42,7,0.6605191523745909,0.5020705989541127,0.5039063205233056,0.652435211202868
25,42,8,0.6545437902717267,0.5025880346624919,0.5035402607765069,0.652435211202868
25,42,9,0.6496028122255357,0.5041869864296235,0.5058577136287696,0.652435211202868
25,42,10,0.6502423725895963,0.5042206234776717,0.5044078787085013,0.652435211202868
25,42,11,0.6500448968450901,0.5039257976356178,0.505002574502918,0.652435211202868
25,42,12,0.6460578911385294,0.5017413460134725,0.5020405019753776,0.652435211202868
25,42,13,0.6498415439815844,0.5020467950294684,0.503427199951554,0.652435211202868
25,42,14,0.6475179937936492,0.5035149621077561,0.5070744051201831,0.652435211202868
25,42,15,0.6465069171735796,0.5046021465988519,0.5041211553891513,0.652435211202868
25,42,16,0.6471979961556903,0.5051363348065249,0.5060407575049914,0.652435211202868
25,42,17,0.646620754468239,0.5042376436620486,0.5046966016308922,0.652435211202868
25,42,18,0.6479420202263331,0.5044599427984795,0.5041588077056414,0.652435211202868
25,42,19,0.6464100970050036,0.5031218370972388,0.5036989178464043,0.652435211202868
25,42,20,0.6481689411704823,0.5044301220177514,0.5047455575348293,0.652435211202868
25,42,21,0.6428605080661127,0.5038311349476744,0.5058217329946791,0.652435211202868
25,42,22,0.6446875217607466,0.5058103092260056,0.5070385431281879,0.652435211202868
25,42,23,0.648957427780507,0.5079752839471989,0.5080203925210891,0.652435211202868
25,42,24,0.6476121282173415,0.5039379975547247,0.5060964505486873,0.652435211202868
25,42,25,0.6447091244034848,0.5047308008217619,0.5074799390779663,0.652435211202868
25,43,1,0.6940985518996998,0.5046033288437023,0.5035933709599082,0.651253283538783
25,43,2,0.6931148843239929,0.5033862070838002,0.5034544817100911,0.651253283538783
25,43,3,0.6929832560531164,0.5003413979565516,0.49927864578882103,0.651253283538783
25,43,4,0.6922769824327049,0.5017524393089619,0.5004034776018575,0.651253283538783
25,43,5,0.6757022657636869,0.505488526622512,0.5057770619889783,0.651253283538783
25,43,6,0.6664545238018036,0.5048436591392707,0.5047416524325723,0.651253283538783
25,43,7,0.6566391304387884,0.5045375535066452,0.5071695525857608,0.651253283538783
25,43,8,0.6535287292326911,0.502513980706428,0.5078851090695221,0.651253283538783
25,43,9,0.6470424411660534,0.5057113159768025,0.5053406021554162,0.651253283538783
25,43,10,0.6499103509773643,0.5054922324761221,0.5074833420641364,0.651253283538783
25,43,11,0.645512720285836,0.5056428251210936,0.5054184289572112,0.651253283538783
25,43,12,0.6485101100751909,0.5045619026674655,0.5070865634935732,0.651253283538783
25,43,13,0.6457380910040968,0.5025552651322454,0.5073922209030752,0.651253283538783
25,43,14,0.644999669770063,0.5062234292235829,0.5090653413325115,0.651253283538783
25,43,15,0.6431779386633534,0.5057834631810976,0.5074085282505398,0.651253283538783
25,43,16,0.6445598809395806,0.504528734586152,0.5080059127649034,0.651253283538783
25,43,17,0.6464369781946732,0.5065492130995055,0.5100925410425522,0.651253283538783
25,43,18,0.6480430703041917,0.5077343934269622,0.5085506927522249,0.651253283538783
25,43,19,0.6473309498722271,0.5025240947238225,0.5062840558406848,0.651253283538783
25,43,20,0.645747245873435,0.50536812641969,0.5092943792705664,0.651253283538783
25,43,21,0.6468963355331098,0.5037467092873628,0.5081272675112728,0.651253283538783
25,43,22,0.6464658425015918,0.5042564381995203,0.5054358572155884,0.651253283538783
25,43,23,0.647202571569863,0.5011668626474108,0.5067046150064783,0.651253283538783
25,43,24,0.6450792990498624,0.5059725517637906,0.5114318481020753,0.651253283538783
25,43,25,0.6478465416673886,0.5049498670527223,0.5065706847072058,0.651253283538783
25,44,1,0.6943520640922805,0.5006116592000367,0.500986490865823,0.6189580980287153
25,44,2,0.6933270834260068,0.49917071681567954,0.49650340266256665,0.6189580980287153
25,44,3,0.6932887707726431,0.5009534705426566,0.499495877111071,0.6189580980287153
25,44,4,0.693045586852704,0.49678232470025885,0.49716347658031756,0.6189580980287153
25,44,5,0.6887054296873384,0.5032879429605361,0.5048366003992326,0.6189580980287153
25,44,6,0.6752704897169339,0.5036025001203664,0.5036246260094275,0.6189580980287153
25,44,7,0.6698211411298332,0.5041172428405271,0.5042337199873841,0.6189580980287153
25,44,8,0.6701156769768667,0.5021653065946186,0.502259492980221,0.6189580980287153
25,44,9,0.6699532290636483,0.5018764568305224,0.5015425084339692,0.6189580980287153
25,44,10,0.668582507614362,0.5024330683523641,0.501653795580917,0.6189580980287153
25,44,11,0.6702473350500656,0.5005719805127501,0.5031957971928755,0.6189580980287153
25,44,12,0.6697582415604996,0.5008747799450418,0.5030346493167216,0.6189580980287153
25,44,13,0.6686393522610099,0.5024381263559007,0.5026372578136928,0.6189580980287153
25,44,14,0.6683982327833013,0.5013648601757352,0.5014425143473368,0.6189580980287153
25,44,15,0.6702361505920604,0.5014710756587107,0.5024843466920177,0.6189580980287153
25,44,16,0.6697064926058559,0.5036123618520232,0.5035507273630722,0.6189580980287153
25,44,17,0.6669181469133345,0.5034846151409238,0.5018570834780722,0.6189580980287153
25,44,18,0.668131849523318,0.5027917265220629,0.504103555898485,0.6189580980287153
25,44,19,0.6665895535784253,0.5018784272712513,0.500772201497558,0.6189580980287153
25,44,20,0.6667327693963455,0.5033612439565773,0.5015843717270777,0.6189580980287153
25,44,21,0.6673834520881459,0.5018382896782663,0.5002382509290144,0.6189580980287153
25,44,22,0.667994722976523,0.5023855144572036,0.5014806413014354,0.6189580980287153
25,44,23,0.6662999300633446,0.5025111766330165,0.5018159729873236,0.6189580980287153
25,44,24,0.6654764848240351,0.5025168704790697,0.5047659579177475,0.6189580980287153
25,44,25,0.6690322716357344,0.5043137099413819,0.5030921354367474,0.6189580980287153
25,45,1,0.6940982609482135,0.5024490695098043,0.5021176359119136,0.6459819118417761
25,45,2,0.6931490812261226,0.5018245861353344,0.5025575417470171,0.6459819118417761
25,45,3,0.6932840822106701,0.5015584544150083,0.5022081997232513,0.6459819118417761
25,45,4,0.6930895685139349,0.5012157670154005,0.501063063616905,0.6459819118417761
25,45,5,0.6921608367208707,0.49858644470754354,0.49794281447379396,0.6459819118417761
25,45,6,0.6792377481016062,0.49982183250089895,0.5012660941304593,0.6459819118417761
25,45,7,0.6696909322577008,0.5003078056514991,0.5011584491011183,0.6459819118417761
25,45,8,0.6611990676087848,0.5017657918200262,0.5032076476270204,0.6459819118417761
25,45,9,0.6571064813662384,0.5034183497911926,0.5044729083573358,0.6459819118417761
25,45,10,0.656744145740897,0.503183166111777,0.5050944097936899,0.6459819118417761
25,45,11,0.6488977731284449,0.5048448373553223,0.5057343590450577,0.6459819118417761
25,45,12,0.6499147364648722,0.5036328744150955,0.5039548008130293,0.6459819118417761
25,45,13,0.6454869796664028,0.5024996469453793,0.5039922804205766,0.6459819118417761
25,45,14,0.6472968777357522,0.5025638568044293,0.5042635362362348,0.6459819118417761
25,45,15,0.645089104519052,0.5031309051482961,0.5049705766884353,0.6459819118417761
25,45,16,0.6472345625950118,0.5060141237067325,0.5074544531313337,0.6459819118417761
25,45,17,0.6452802434816198,0.5075298986951801,0.5079219129475394,0.6459819118417761
25,45,18,0.6472821094221988,0.5053858692481371,0.5061213374989786,0.6459819118417761
25,45,19,0.6479482186042657,0.5038726250505161,0.5052858020783528,0.6459819118417761
25,45,20,0.6437400660272372,0.5039555030842603,0.5056410107611962,0.6459819118417761
25,45,21,0.6469862289347891,0.5024681672028732,0.50455204552584,0.6459819118417761
25,45,22,0.6441664670483541,0.5032557413320806,0.5048783649950926,0.6459819118417761
25,45,23,0.6451532638679116,0.5026510192824825,0.5050362455331084,0.6459819118417761
25,45,24,0.6449044321553182,0.5038345741948967,0.5058679131605932,0.6459819118417761
25,45,25,0.6447916298599566,0.5014326357851779,0.505753999707589,0.6459819118417761
25,46,1,0.6943258466356892,0.4998625167909758,0.5002765993429648,0.6488683383026796
25,46,2,0.6934830743377491,0.49778512576060424,0.49726958656533116,0.6488683383026796
25,46,3,0.6931966406814123,0.502775383467954,0.5019558048613955,0.6488683383026796
25,46,4,0.693113559383457,0.50219370604597,0.5046844152609014,0.6488683383026796
25,46,5,0.6930645088017997,0.5012023820872207,0.5032669804228221,0.6488683383026796
25,46,6,0.6869478442911374,0.500703262171972,0.5014146880780356,0.6488683383026796
25,46,7,0.6689404749264152,0.5018994708731838,0.5019778946958943,0.6488683383026796
25,46,8,0.6578887847520537,0.5026279492125205,0.5022297812860925,0.6488683383026796
25,46,9,0.6584230787673239,0.5020875230667776,0.5017245482891692,0.6488683383026796
25,46,10,0.6579118537700782,0.5027118491675333,0.5024689303705235,0.6488683383026796
25,46,11,0.6574352575560748,0.5023068151611164,0.5048752235926618,0.6488683383026796
25,46,12,0.6517005315271475,0.5023005299797509,0.5036571694646242,0.6488683383026796
25,46,13,0.651323891292184,0.5032763199285222,0.5044364516748803,0.6488683383026796
25,46,14,0.648171361220085,0.5032358051345205,0.5029527144773233,0.6488683383026796
25,46,15,0.6476021651494301,0.5017608233878728,0.5046873212460855,0.6488683383026796
25,46,16,0.6447349695836083,0.5044301558605255,0.5054090301729023,0.6488683383026796
25,46,17,0.645434665477882,0.5015075072371519,0.5030914425402553,0.6488683383026796
25,46,18,0.6460067245919826,0.5033014157470028,0.5044077982262544,0.6488683383026796
25,46,19,0.6440735964451806,0.5040391681770118,0.5060293965943113,0.6488683383026796
25,46,20,0.6466520812551854,0.5039600709595125,0.5053148416783332,0.6488683383026796
25,46,21,0.644792247121617,0.5027632610393652,0.5052391101576753,0.6488683383026796
25,46,22,0.6438486121468625,0.5048837078015952,0.5060767916001947,0.6488683383026796
25,46,23,0.6448707944255764,0.502913126505161,0.5046269835109205,0.6488683383026796
25,46,24,0.6428314750477419,0.5031785503354941,0.5050970626296704,0.6488683383026796
25,46,25,0.6426448155257661,0.504016867011978,0.5059471317881246,0.6488683383026796
25,47,1,0.6947780059555829,0.5023911163923367,0.5045776275601084,0.6524411985129293
25,47,2,0.6933848979109425,0.5003450017150415,0.49949017999716466,0.6524411985129293
25,47,3,0.6933164788504779,0.5021627183179308,0.5028739350611209,0.6524411985129293
25,47,4,0.6930921320187844,0.5028657216473229,0.5034634327824674,0.6524411985129293
25,47,5,0.6930647285307868,0.5020301295711209,0.5021428471326014,0.6524411985129293
25,47,6,0.6893190206107447,0.5049419864127362,0.5034919459078278,0.6524411985129293
25,47,7,0.6668542972055532,0.5027056083679396,0.5038346101632125,0.6524411985129293
25,47,8,0.6578542721473565,0.5058053608421114,0.5038498802280156,0.6524411985129293
25,47,9,0.6516104638576508,0.5064571232069386,0.505120144177278,0.6524411985129293
25,47,10,0.6496082635249122,0.5061322961878479,0.5060030502554879,0.6524411985129293
25,47,11,0.6473953173322192,0.5054373822538214,0.5050595975807561,0.6524411985129293
25,47,12,0.6504016680232549,0.509301495745725,0.5116054650512377,0.6524411985129293
25,47,13,0.6491722100872105,0.5072158218779788,0.5096481634488481,0.6524411985129293
25,47,14,0.648888904159352,0.5065297842021765,0.5055721270261411,0.6524411985129293
25,47,15,0.6469500969022007,0.5064605606553889,0.507415815345194,0.6524411985129293
25,47,16,0.6475385619422137,0.5084856393979237,0.5103187839924347,0.6524411985129293
25,47,17,0.646198715193797,0.5064733443683825,0.5086359464830258,0.6524411985129293
25,47,18,0.6442468040070292,0.5073490315188598,0.5105546055242568,0.6524411985129293
25,47,19,0.6444760000301619,0.506101405162861,0.5090086258373578,0.6524411985129293
25,47,20,0.6448835866936182,0.5078534548922488,0.5096404692616383,0.6524411985129293
25,47,21,0.6450483475701284,0.507462882050961,0.5082720514907824,0.6524411985129293
25,47,22,0.6452181940361604,0.505483079484035,0.5050999909211333,0.6524411985129293
25,47,23,0.6454832816528062,0.5053329967371132,0.5100239376405752,0.6524411985129293
25,47,24,0.6446832069906138,0.5042698036312685,0.506374454100134,0.6524411985129293
25,47,25,0.6454266961348258,0.5064855143845017,0.5086903455493852,0.6524411985129293
25,48,1,0.6944757997989655,0.49964279164670844,0.4990783706257432,0.5243783825066504
25,48,2,0.6932241441839833,0.5007767505779244,0.5008765747365402,0.5243783825066504
25,48,3,0.6931277377120519,0.5032363295592065,0.5034652109810822,0.5243783825066504
25,48,4,0.693164376889245,0.5025574107113573,0.5034464119384457,0.5243783825066504
25,48,5,0.6926664310996815,0.5063503235942506,0.5074924073661091,0.5243783825066504
25,48,6,0.681964136281256,0.4972652641068391,0.5005437423657292,0.5243783825066504
25,48,7,0.6734475841966726,0.5004229575861295,0.5022152571878423,0.5243783825066504
25,48,8,0.668429088794579,0.5025899490816802,0.5015748629741067,0.5243783825066504
25,48,9,0.6675422161312426,0.5031908608613469,0.5055238602569462,0.5243783825066504
25,48,10,0.6588577607930717,0.5043501292613489,0.5073929932678273,0.5243783825066504
25,48,11,0.6563759279453149,0.5023866703941222,0.5043954571544517,0.5243783825066504
25,48,12,0.652514239994146,0.5035042970151273,0.5069353635466645,0.5243783825066504
25,48,13,0.648900652335862,0.4996830748908311,0.5024708658760944,0.5243783825066504
25,48,14,0.6499310161097575,0.5002800247845312,0.5015209640578432,0.5243783825066504
25,48,15,0.6473250060768451,0.5021171933379016,0.504034798666483,0.5243783825066504
25,48,16,0.6469843003709438,0.5018453112947121,0.5013865993693133,0.5243783825066504
25,48,17,0.644762602397951,0.5008272554966454,0.5021184052797977,0.5243783825066504
25,48,18,0.6433529353747933,0.4998822313459411,0.5003032199307731,0.5243783825066504
25,48,19,0.6435862446235399,0.4992523591069832,0.4987214899212393,0.5243783825066504
25,48,20,0.6415024869522806,0.5005370231928956,0.5011113152332822,0.5243783825066504
25,48,21,0.6439843829405509,0.502722495678984,0.5037241861618573,0.5243783825066504
25,48,22,0.6446877475512229,0.5018985398693369,0.5027319310241734,0.5243783825066504
25,48,23,0.6431370918023385,0.5031685802684323,0.5047281138380209,0.5243783825066504
25,48,24,0.6426329764269166,0.5008607769049014,0.49865487449837737,0.5243783825066504
25,48,25,0.6444979885877189,0.49972162484097826,0.5013421576058765,0.5243783825066504
25,49,1,0.6945671424017115,0.5002868849156268,0.49946112391192704,0.6505648866125362
25,49,2,0.6932561523833517,0.500395140363765,0.5009258001746815,0.6505648866125362
25,49,3,0.693247112177186,0.5012454447493884,0.5024578462728494,0.6505648866125362
25,49,4,0.6930825311248585,0.5015449246306732,0.5013211210993115,0.6505648866125362
25,49,5,0.6932630670272698,0.5015222385953391,0.5023828590919395,0.6505648866125362
25,49,6,0.690988516908581,0.5043633177524605,0.5034303246280558,0.6505648866125362
25,49,7,0.6734002166885441,0.505667882830112,0.5052390828293135,0.6505648866125362
25,49,8,0.6732654500815828,0.5041364268797213,0.503967402721119,0.6505648866125362
25,49,9,0.6670670610363201,0.5057782716522632,0.5048884195992859,0.6505648866125362
25,49,10,0.6658321775622287,0.5041940447299083,0.5033763548369902,0.6505648866125362
25,49,11,0.6604866850174079,0.5019589882348447,0.5009121864151644,0.6505648866125362
25,49,12,0.6555944777141183,0.5032314787996909,0.501139566965823,0.6505648866125362
25,49,13,0.6532413691787397,0.4991548869602329,0.5013964706668126,0.6505648866125362
25,49,14,0.6485659863989232,0.5060109219517841,0.5040395966344441,0.6505648866125362
25,49,15,0.6481946065264234,0.5051421535175835,0.5045389328351287,0.6505648866125362
25,49,16,0.6444734213715893,0.5056657373136859,0.5057086104098879,0.6505648866125362
25,49,17,0.6456568008762295,0.5043046336690659,0.5060387605972215,0.6505648866125362
25,49,18,0.6425911359867807,0.5041042628973841,0.5047792622536669,0.6505648866125362
25,49,19,0.644137469893795,0.5077650897767134,0.506692759471721,0.6505648866125362
25,49,20,0.6413003676018473,0.5063471887683346,0.5062482009467388,0.6505648866125362
25,49,21,0.642291126109786,0.5077217316032856,0.5066566570947463,0.6505648866125362
25,49,22,0.6455399914313171,0.503075443694444,0.5053437552537021,0.6505648866125362
25,49,23,0.6453122345067687,0.5110514388005052,0.5092302585237858,0.6505648866125362
25,49,24,0.6445714240357027,0.5097437341329205,0.508043521935793,0.6505648866125362
25,49,25,0.6428904341439069,0.5079471235912822,0.5069878830850085,0.6505648866125362
25,50,1,0.6943836787999687,0.5035796606909408,0.5036649829022568,0.6469082860716628
25,50,2,0.6931787794929439,0.5003975531421373,0.5009090945647853,0.6469082860716628
25,50,3,0.6933158272403782,0.5015492401342332,0.5034238256745718,0.6469082860716628
25,50,4,0.6930420732094069,0.49925107979316513,0.5004106241973346,0.6469082860716628
25,50,5,0.6885152620784307,0.5033260167980796,0.5033619151983335,0.6469082860716628
25,50,6,0.6691699199757334,0.5011399356190076,0.5018297177238982,0.6469082860716628
25,50,7,0.6600911117206185,0.5035077572410869,0.5042367531388162,0.6469082860716628
25,50,8,0.6565725768016557,0.5025610921556978,0.5026439904672068,0.6469082860716628
25,50,9,0.6532003904803324,0.5036735450155234,0.504251821570921,0.6469082860716628
25,50,10,0.6529334116790254,0.5055031238066358,0.5083741134220248,0.6469082860716628
25,50,11,0.6512911259117773,0.5061591991396777,0.5061986142532127,0.6469082860716628
25,50,12,0.6488587184477661,0.5047179988334446,0.5061634455327196,0.6469082860716628
25,50,13,0.6476258943646641,0.5055407700069855,0.5071966389503634,0.6469082860716628
25,50,14,0.6477769987057831,0.5080371859892716,0.5090589534342571,0.6469082860716628
25,50,15,0.6476429685697718,0.5074109026206475,0.5091719649161793,0.6469082860716628
25,50,16,0.6465557005445836,0.5054503012140592,0.509035856043015,0.6469082860716628
25,50,17,0.64332885459318,0.5066609837366226,0.5091044507018587,0.6469082860716628
25,50,18,0.6499551064887289,0.5068780304481668,0.5078714851020234,0.6469082860716628
25,50,19,0.6468032270164813,0.5101124576945418,0.51080167477022,0.6469082860716628
25,50,20,0.6466002787573862,0.5068686154119666,0.5104566958694472,0.6469082860716628
25,50,21,0.645276959669792,0.5055797439149965,0.5078599926900239,0.6469082860716628
25,50,22,0.647344810982882,0.5076597985979779,0.5089886637338431,0.6469082860716628
25,50,23,0.644570860822322,0.5059503962477654,0.5084267235323146,0.6469082860716628
25,50,24,0.6434183691517782,0.5068299696610052,0.5100805388574641,0.6469082860716628
25,50,25,0.6435925738286163,0.5090506673629941,0.5110229568440035,0.6469082860716628
25,51,1,0.6943916799658436,0.5020085082260459,0.5014552108709416,0.6507404297819097
25,51,2,0.6933045463036682,0.49991990095798383,0.5003547826989699,0.6507404297819097
25,51,3,0.6932123803486259,0.5028964976880972,0.5034703213818367,0.6507404297819097
25,51,4,0.6926053358336627,0.5045113841450688,0.5040627727518929,0.6507404297819097
25,51,5,0.6785292049585763,0.5013776676862385,0.5008641737631904,0.6507404297819097
25,51,6,0.6648191254017717,0.5027863462619493,0.5030300390896756,0.6507404297819097
25,51,7,0.6610407910104525,0.5046916583423643,0.5029632788501712,0.6507404297819097
25,51,8,0.6592746139582941,0.502449890243291,0.5023921946894645,0.6507404297819097
25,51,9,0.6582115393573955,0.5006427328858939,0.5045463259244614,0.6507404297819097
25,51,10,0.657663638814021,0.5025756191699318,0.5021179160361213,0.6507404297819097
25,51,11,0.6485229917501999,0.5044010834107344,0.5046424639970236,0.6507404297819097
25,51,12,0.6496029768959951,0.5049551079302219,0.5057605580950715,0.6507404297819097
25,51,13,0.6497536811788204,0.5044984085140405,0.5039235180820837,0.6507404297819097
25,51,14,0.6484062484765457,0.5027548506312557,0.5035661876941914,0.6507404297819097
25,51,15,0.6473816264483888,0.5051843956748052,0.5058686415161296,0.6507404297819097
25,51,16,0.6478669633299617,0.504634656855586,0.5056809288248812,0.6507404297819097
25,51,17,0.6485762934563524,0.5048316194555522,0.5063102805925556,0.6507404297819097
25,51,18,0.64714758780043,0.5064040904789608,0.5067524036945832,0.6507404297819097
25,51,19,0.6473144787853047,0.5064543612667394,0.5107935949549591,0.6507404297819097
25,51,20,0.6466763312533751,0.5068087467030594,0.5081364038114511,0.6507404297819097
25,51,21,0.6459864963919429,0.50718703801845,0.509482156830303,0.6507404297819097
25,51,22,0.6489430918531903,0.5074743647359973,0.5075432763181325,0.6507404297819097
25,51,23,0.6473920208922888,0.5040964274702499,0.505678779952887,0.6507404297819097
25,51,24,0.6486086961576494,0.5048653763026434,0.5052802554569347,0.6507404297819097
25,51,25,0.6452760211491989,0.5049616350174185,0.5058353108073244,0.6507404297819097
100,42,1,0.6942406749864768,0.5039779613922988,0.5047157051212876,0.5954519073622715
100,42,2,0.6932389213327776,0.5025935561736237,0.5047330223448527,0.5954519073622715
100,42,3,0.6932606059208251,0.5047072256278882,0.5058360018672788,0.5954519073622715
100,42,4,0.6930996312035455,0.505720043606788,0.5060945984092555,0.5954519073622715
100,42,5,0.6931314869233739,0.5064157648688321,0.5086727095323884,0.5954519073622715
100,42,6,0.6921150970180132,0.506459583676123,0.5074990085562406,0.5954519073622715
100,42,7,0.6820552851024427,0.5062528720108403,0.508384874746351,0.5954519073622715
100,42,8,0.6790857590429964,0.5058536342959432,0.5070705880572707,0.5954519073622715
100,42,9,0.6784370586886044,0.5077581122284085,0.510829779689768,0.5954519073622715
100,42,10,0.6792763973537245,0.5062647094963548,0.5093003173487582,0.5954519073622715
100,42,11,0.6793629837314985,0.506396396789378,0.5066158823845918,0.5954519073622715
100,42,12,0.6781449025137383,0.5101918882376243,0.5135710615311624,0.5954519073622715
100,42,13,0.677887463430215,0.5075139405610498,0.5098974489774509,0.5954519073622715
100,42,14,0.6760524159286454,0.512481326480855,0.5167775405229565,0.5954519073622715
100,42,15,0.6725445393233271,0.5069315149779801,0.508655958342253,0.5954519073622715
100,42,16,0.6732849485692922,0.5092615813537842,0.5136207601928702,0.5954519073622715
100,42,17,0.6732154624503955,0.5082788441467794,0.5143059106395806,0.5954519073622715
100,42,18,0.6708938622335244,0.5090030044327694,0.5218800359513557,0.5954519073622715
100,42,19,0.6679728895600079,0.5112255240195414,0.5205177126118734,0.5954519073622715
100,42,20,0.6678104937425133,0.5080403980775139,0.5161958295723921,0.5954519073622715
100,42,21,0.665464673125953,0.5101277367711572,0.5240292638515996,0.5954519073622715
100,42,22,0.6666468657248201,0.5097268003804521,0.5187488885079923,0.5954519073622715
100,42,23,0.6655127716343305,0.5160968545520035,0.5232452540522513,0.5954519073622715
100,42,24,0.6634897488599633,0.5054034733130239,0.5190793271212242,0.5954519073622715
100,42,25,0.6649708214559054,0.509584871146443,0.5218104543252482,0.5954519073622715
100,43,1,0.6938330342895106,0.5044388878265467,0.5067114961851028,0.6144471851082134
100,43,2,0.6931742732984978,0.504171995275428,0.507171858461918,0.6144471851082134
100,43,3,0.6931721808617575,0.5017664664725636,0.5047554227915116,0.6144471851082134
100,43,4,0.693163830285881,0.5037270472028497,0.5084833358697095,0.6144471851082134
100,43,5,0.6930927355387058,0.5064019546997371,0.5106036954212505,0.6144471851082134
100,43,6,0.6928787489383541,0.504042266434698,0.5190742674466143,0.6144471851082134
100,43,7,0.6925144941486113,0.5087398883406662,0.5218815090138641,0.6144471851082134
100,43,8,0.6850216817437557,0.5016649593384315,0.5012808861465237,0.6144471851082134
100,43,9,0.6819303656182094,0.504054896647984,0.50561672217683,0.6144471851082134
100,43,10,0.6751656999364931,0.5062596258369059,0.5099784033208097,0.6144471851082134
100,43,11,0.6728510870571025,0.506581346419372,0.5120849429829315,0.6144471851082134
100,43,12,0.6711525484832407,0.5079831592333941,0.5156356366012669,0.6144471851082134
100,43,13,0.6678135551904377,0.5097607727283194,0.5145279518794869,0.6144471851082134
100,43,14,0.6676369048001474,0.5099536303092278,0.5150281164707813,0.6144471851082134
100,43,15,0.6671380975790191,0.5095344108972232,0.5194849691281592,0.6144471851082134
100,43,16,0.6681073646099247,0.5110983124606856,0.519779603180641,0.6144471851082134
100,43,17,0.666993763014587,0.5116809235997016,0.5170413962041576,0.6144471851082134
100,43,18,0.6676215505042271,0.5094844121030628,0.514659894022737,0.6144471851082134
100,43,19,0.6690565570753221,0.508439934644612,0.5159676037378728,0.6144471851082134
100,43,20,0.6651832646096659,0.5119736554734304,0.5220841340781696,0.6144471851082134
100,43,21,0.6673985517512985,0.5097269800319713,0.514788967943056,0.6144471851082134
100,43,22,0.6652693232597663,0.5094410665162319,0.5224480352246798,0.6144471851082134
100,43,23,0.6676544920045729,0.5076067951126113,0.5169078802634528,0.6144471851082134
100,43,24,0.6631777255158675,0.5103514072745646,0.5173229745736527,0.6144471851082134
100,43,25,0.6646140015613266,0.5137375288267559,0.5196543735635893,0.6144471851082134
100,44,1,0.6940821949501483,0.500066955251184,0.50019806027977,0.5003927457756648
100,44,2,0.693227191417538,0.5033116907903563,0.5045703623385807,0.5003927457756648
100,44,3,0.6931972796456856,0.5033730046401101,0.5040930816170088,0.5003927457756648
100,44,4,0.693276600182405,0.49986736782779057,0.49971251261906674,0.5003927457756648
100,44,5,0.6931853628995126,0.5001892651849377,0.501037656249019,0.5003927457756648
100,44,6,0.6932013358986169,0.5001859038796297,0.5004851964763701,0.5003927457756648
100,44,7,0.693160222984894,0.5000862948550167,0.5001401964231181,0.5003927457756648
100,44,8,0.6931527131482175,0.500081519889578,0.5001635005906127,0.5003927457756648
100,44,9,0.6931230756971571,0.5001124780434262,0.5002252914102363,0.5003927457756648
100,44,10,0.6932166208300674,0.5,0.5,0.5003927457756648
100,44,11,0.6931392853720146,0.5,0.5,0.5003927457756648
100,44,12,0.6932021633923402,0.5,0.5,0.5003927457756648
100,44,13,0.6931590050981756,0.5,0.5,0.5003927457756648
100,44,14,0.693186212352842,0.5,0.5,0.5003927457756648
100,44,15,0.6932296142940633,0.5,0.5,0.5003927457756648
100,44,16,0.6931870645946927,0.5,0.5,0.5003927457756648
100,44,17,0.6932278746052792,0.5,0.5,0.5003927457756648
100,44,18,0.6931690521407545,0.5,0.5,0.5003927457756648
100,44,19,0.6931789493003087,0.5,0.5,0.5003927457756648
100,44,20,0.693168786882657,0.5,0.5,0.5003927457756648
100,44,21,0.6931824663229156,0.5,0.5,0.5003927457756648
100,44,22,0.6931842164686549,0.5,0.5,0.5003927457756648
100,44,23,0.693184713174028,0.5,0.5,0.5003927457756648
100,44,24,0.6931786094492639,0.5,0.5,0.5003927457756648
100,44,25,0.693138309389527,0.5,0.5,0.5003927457756648
100,45,1,0.6938820408101667,0.5028569414637605,0.5040706787362325,0.6001094173645978
100,45,2,0.6933235682939228,0.5041944318100245,0.5049448028210081,0.6001094173645978
100,45,3,0.6932401695446662,0.5040266870170068,0.5042192210514955,0.6001094173645978
100,45,4,0.6931684672483924,0.5038774999214546,0.5043208334269078,0.6001094173645978
100,45,5,0.693133256588763,0.5038317228520985,0.5068075100287697,0.6001094173645978
100,45,6,0.6930506215458028,0.5057528661544404,0.5052918230631174,0.6001094173645978
100,45,7,0.6920016313854017,0.503992673932919,0.5042074735293901,0.6001094173645978
100,45,8,0.6857091442883363,0.5009583447153987,0.5008074218506073,0.6001094173645978
100,45,9,0.6799179486363952,0.5011284340079667,0.5007062546937261,0.6001094173645978
100,45,10,0.6799704432487488,0.5016878567826002,0.5025680926653081,0.6001094173645978
100,45,11,0.6769058603292321,0.5056832586582712,0.5074923489131422,0.6001094173645978
100,45,12,0.6703416980498018,0.5051384352948601,0.507485369326568,0.6001094173645978
100,45,13,0.6686933204444528,0.506367330668507,0.5069779082205794,0.6001094173645978
100,45,14,0.6647064257086369,0.5037098390811463,0.504308520478459,0.6001094173645978
100,45,15,0.6690062870059097,0.5042250670046435,0.5042475362592541,0.6001094173645978
100,45,16,0.6690571597445081,0.5076360796417859,0.5085458035800539,0.6001094173645978
100,45,17,0.6696940388595849,0.5078227988346932,0.5093767019538765,0.6001094173645978
100,45,18,0.6676828240790562,0.5064158858011014,0.5049826019398015,0.6001094173645978
100,45,19,0.6693623885076646,0.5032154929904793,0.5052713114773546,0.6001094173645978
100,45,20,0.6710288406115527,0.5089558635801369,0.509513597183237,0.6001094173645978
100,45,21,0.6696806598825065,0.5063757030729568,0.5073272705646669,0.6001094173645978
100,45,22,0.6660444677224633,0.5082175202354349,0.512289069049254,0.6001094173645978
100,45,23,0.6697544905177334,0.5112622476593426,0.514566695928067,0.6001094173645978
100,45,24,0.6664063425091972,0.5079528369191084,0.5089169585851355,0.6001094173645978
100,45,25,0.6695408573624684,0.5074921397961434,0.5048664774710361,0.6001094173645978
100,46,1,0.69399036510646,0.5029199206658199,0.502991295818912,0.5485446902680485
100,46,2,0.693128460331967,0.5044916922404867,0.5050894049477106,0.5485446902680485
100,46,3,0.6933721649019342,0.5028026524731135,0.5039122488991465,0.5485446902680485
100,46,4,0.6932404079632453,0.502380250085562,0.5015682517465299,0.5485446902680485
100,46,5,0.6931102540757921,0.509468413033495,0.5163181169557978,0.5485446902680485
100,46,6,0.692859667435027,0.5347502897811702,0.5385495866214287,0.5485446902680485
100,46,7,0.6911005614793788,0.5157117624906227,0.5185914845612929,0.5485446902680485
100,46,8,0.6811830540846663,0.5096443372259924,0.5193297289759476,0.5485446902680485
100,46,9,0.6746927928506282,0.5150903820490781,0.5257866017487378,0.5485446902680485
100,46,10,0.6725380086062247,0.5082176474711095,0.5128027423482964,0.5485446902680485
100,46,11,0.6687506391988163,0.5124055502748491,0.5222701284615049,0.5485446902680485
100,46,12,0.6652380677691677,0.5118746949613097,0.5220740060629494,0.5485446902680485
100,46,13,0.6679378974507426,0.5104988138371329,0.5223412027809453,0.5485446902680485
100,46,14,0.6654304349631593,0.5163896194878568,0.5272765705069293,0.5485446902680485
100,46,15,0.6665003913187841,0.5165714250616988,0.529648562467141,0.5485446902680485
100,46,16,0.6684595747300756,0.5158322808349664,0.5286504541058585,0.5485446902680485
100,46,17,0.665578752233271,0.5165482488252109,0.5301814867283569,0.5485446902680485
100,46,18,0.6678228298125909,0.5220676769101673,0.5360572181175733,0.5485446902680485
100,46,19,0.6682215615322715,0.5324799787317049,0.5490315596280789,0.5485446902680485
100,46,20,0.6642281458391781,0.5644550433940736,0.5675759549822805,0.5485446902680485
100,46,21,0.664882546976993,0.5941181228737467,0.6043901762698575,0.5485446902680485
100,46,22,0.6631834967094555,0.6160782485285303,0.6369077601387744,0.5485446902680485
100,46,23,0.6666896395515978,0.6059033765902587,0.6200954040415008,0.5485446902680485
100,46,24,0.6656466893285339,0.5964007616603022,0.6037578382944752,0.5485446902680485
100,46,25,0.6636077981246146,0.60640597445625,0.6199304136254999,0.5485446902680485
100,47,1,0.6945023306629114,0.5021421019059606,0.5018258025442404,0.6387580841644953
100,47,2,0.693214121617769,0.5041985560599564,0.5048638098124947,0.6387580841644953
100,47,3,0.6930975715319315,0.502615950169659,0.5039315632505288,0.6387580841644953
100,47,4,0.6932345928504453,0.5043210725498809,0.5034237111383957,0.6387580841644953
100,47,5,0.6931970227531522,0.506505336824616,0.5075344778185088,0.6387580841644953
100,47,6,0.692451544672425,0.5038243473587188,0.5034957715630555,0.6387580841644953
100,47,7,0.6845241676994235,0.5083033904852224,0.509510130617281,0.6387580841644953
100,47,8,0.6798705849034047,0.506711567663988,0.5069463285534592,0.6387580841644953
100,47,9,0.6792918614476745,0.5072429813847401,0.5069337631490385,0.6387580841644953
100,47,10,0.6739646074367546,0.5075181966601261,0.5069640744451288,0.6387580841644953
100,47,11,0.6700252193456505,0.5083833550998533,0.5082963646193253,0.6387580841644953
100,47,12,0.6697746717441849,0.5032586499873245,0.5045291842796648,0.6387580841644953
100,47,13,0.6672644179466872,0.5062406227675663,0.5070276322630918,0.6387580841644953
100,47,14,0.6693029759223001,0.5063806195438976,0.5084590347653088,0.6387580841644953
100,47,15,0.6682353797014694,0.5091688511302086,0.5110704212290436,0.6387580841644953
100,47,16,0.666621180305704,0.5062195976698575,0.5123990725434514,0.6387580841644953
100,47,17,0.6675793204391212,0.5103617097571939,0.5114707044159156,0.6387580841644953
100,47,18,0.666726107137245,0.518028619129588,0.5198678548351828,0.6387580841644953
100,47,19,0.6644168262593231,0.5093139997600626,0.5100122566084784,0.6387580841644953
100,47,20,0.6643689766264799,0.5106726831714168,0.5130737254151596,0.6387580841644953
100,47,21,0.6666578727158886,0.5131801377155234,0.514326015086477,0.6387580841644953
100,47,22,0.6688273974329407,0.5131981600866582,0.5138711092364041,0.6387580841644953
100,47,23,0.6693640853229322,0.5158793450182911,0.5171749375437534,0.6387580841644953
100,47,24,0.668449045970426,0.510499452240329,0.511384953322763,0.6387580841644953
100,47,25,0.6699838181685286,0.5108601282274854,0.5142267733698054,0.6387580841644953
100,48,1,0.6941802194941114,0.5040110493881471,0.5036589582770066,0.5092378247460057
100,48,2,0.6931828270878708,0.500788113666438,0.5015725516590369,0.5092378247460057
100,48,3,0.6931242820812248,0.49974083426903704,0.5008029341325866,0.5092378247460057
100,48,4,0.6931759181775545,0.5013882835606455,0.5047557761637652,0.5092378247460057
100,48,5,0.693259188654827,0.5035000929955988,0.5069356643886345,0.5092378247460057
100,48,6,0.6931173365715652,0.5174660850746153,0.529286708295615,0.5092378247460057
100,48,7,0.6931615893603765,0.50838387409007,0.5168361554251816,0.5092378247460057
100,48,8,0.6925822817094145,0.5223672384088802,0.5360468843033745,0.5092378247460057
100,48,9,0.6897581212701853,0.5858183312003777,0.6235893669549613,0.5092378247460057
100,48,10,0.6876049665679709,0.6126534503429937,0.6420519855764925,0.5092378247460057
100,48,11,0.6854561637019554,0.6366361250108029,0.6654234466461479,0.5092378247460057
100,48,12,0.6810514672457824,0.6464154529574433,0.676403071318646,0.5092378247460057
100,48,13,0.681738129136158,0.6511422391354783,0.683182674087387,0.5092378247460057
100,48,14,0.680868052948288,0.6533199918243365,0.6856489875553574,0.5092378247460057
100,48,15,0.6736908154180873,0.6527113338716424,0.6854104645176345,0.5092378247460057
100,48,16,0.6694216295989633,0.6527671734628563,0.6854408638380479,0.5092378247460057
100,48,17,0.6690118354663515,0.652431320228909,0.6854292453164575,0.5092378247460057
100,48,18,0.6706922890847189,0.6525140621066969,0.6853338288739854,0.5092378247460057
100,48,19,0.6656742120346828,0.6532053118050511,0.6857889788227454,0.5092378247460057
100,48,20,0.6680643311020924,0.6520696173130589,0.6853928886183298,0.5092378247460057
100,48,21,0.6650255517652858,0.6527570228926755,0.6855435174085585,0.5092378247460057
100,48,22,0.6657647612499215,0.6527798834931291,0.6858167997743021,0.5092378247460057
100,48,23,0.6709882341630278,0.6528157821871758,0.6852188846648934,0.5092378247460057
100,48,24,0.6669593390665556,0.6518791789570436,0.6856211779484223,0.5092378247460057
100,48,25,0.6685990018454212,0.6520319922318629,0.6854306665339159,0.5092378247460057
100,49,1,0.6942002543231898,0.5014560537616984,0.5022978700140492,0.5018057394080657
100,49,2,0.6933329697937993,0.5000203505115707,0.5008798348392351,0.5018057394080657
100,49,3,0.6931759997418052,0.5022167510368132,0.5014258854496911,0.5018057394080657
100,49,4,0.6932372440371597,0.5034158956890513,0.5052022331533876,0.5018057394080657
100,49,5,0.6931570196709438,0.5000424572435572,0.500921835733835,0.5018057394080657
100,49,6,0.6931695920682093,0.49987154015843754,0.49973190563037,0.5018057394080657
100,49,7,0.6931657156749078,0.49979232784691874,0.4995515180379239,0.5018057394080657
100,49,8,0.6931833565583703,0.4999424381398478,0.4998853900615106,0.5018057394080657
100,49,9,0.6931519571103548,0.4999865714941987,0.49997314273812576,0.5018057394080657
100,49,10,0.693184761276022,0.5,0.5,0.5018057394080657
100,49,11,0.6932118409558347,0.5,0.5,0.5018057394080657
100,49,12,0.6931911082992777,0.5,0.5,0.5018057394080657
100,49,13,0.6931810337200499,0.5,0.5,0.5018057394080657
100,49,14,0.6931873037104022,0.5,0.5,0.5018057394080657
100,49,15,0.6932084818332516,0.5,0.5,0.5018057394080657
100,49,16,0.6931728940261038,0.5,0.5,0.5018057394080657
100,49,17,0.6931323503193102,0.5,0.5,0.5018057394080657
100,49,18,0.6932043276335064,0.5,0.5,0.5018057394080657
100,49,19,0.693164146434494,0.5,0.5,0.5018057394080657
100,49,20,0.693156587798693,0.5,0.5,0.5018057394080657
100,49,21,0.6932169505727221,0.5,0.5,0.5018057394080657
100,49,22,0.6931779185930887,0.5,0.5,0.5018057394080657
100,49,23,0.6931817977749116,0.5,0.5,0.5018057394080657
100,49,24,0.6931587182290373,0.5,0.5,0.5018057394080657
100,49,25,0.6931931355543304,0.5,0.5,0.5018057394080657
100,50,1,0.6941077500058893,0.5033950693339871,0.505408533187723,0.5424236914240861
100,50,2,0.6933802763621012,0.5017253625696199,0.5036749557867782,0.5424236914240861
100,50,3,0.6932203630257768,0.5059672446508761,0.505833168795182,0.5424236914240861
100,50,4,0.6930232274602031,0.517361539165794,0.5173002062021439,0.5424236914240861
100,50,5,0.6926470970549778,0.5365802688175683,0.5482468967035575,0.5424236914240861
100,50,6,0.6877009893021389,0.5110980920257924,0.5110913127860853,0.5424236914240861
100,50,7,0.6772312602104499,0.5116472175663263,0.5120831950022182,0.5424236914240861
100,50,8,0.6694866310783297,0.5098076672664287,0.5136818394502375,0.5424236914240861
100,50,9,0.673616691988114,0.5107072368616636,0.5181183365292543,0.5424236914240861
100,50,10,0.6707861085384212,0.5106814088668413,0.5131044049003883,0.5424236914240861
100,50,11,0.670941676661285,0.5077631341244448,0.5136272956946814,0.5424236914240861
100,50,12,0.6689252145806251,0.5057346491519346,0.5129375706980897,0.5424236914240861
100,50,13,0.6666049479741102,0.513151630710204,0.5199341989585183,0.5424236914240861
100,50,14,0.6678554471473248,0.5093290068239931,0.5222326001319859,0.5424236914240861
100,50,15,0.6670122770538107,0.508490153452572,0.5195060547255896,0.5424236914240861
100,50,16,0.6653595814230846,0.510539146396919,0.5185386098537803,0.5424236914240861
100,50,17,0.666427096776795,0.508477501559305,0.5181881351553406,0.5424236914240861
100,50,18,0.6645998024103934,0.518077924976993,0.5300268988708667,0.5424236914240861
100,50,19,0.6648143020986813,0.5223652582294473,0.533570138722199,0.5424236914240861
100,50,20,0.6649451203513563,0.5320582704523922,0.56373245932903,0.5424236914240861
100,50,21,0.663387067485274,0.5451319950163793,0.5733987606038491,0.5424236914240861
100,50,22,0.662921610980006,0.5916070234138393,0.6175691592717779,0.5424236914240861
100,50,23,0.6623068239256652,0.6015458445200824,0.6348939511878776,0.5424236914240861
100,50,24,0.6644001463700456,0.5989863601776828,0.6292935163563639,0.5424236914240861
100,50,25,0.6636461845615453,0.5904727932323811,0.6211093260728625,0.5424236914240861
100,51,1,0.6940509164542482,0.5029793037829935,0.5043132703307531,0.5639229734453818
100,51,2,0.6931533200001856,0.5023225481389542,0.5033074475962205,0.5639229734453818
100,51,3,0.693344723760036,0.5046686257000996,0.5053755809230196,0.5639229734453818
100,51,4,0.6931491441893995,0.5022768560844983,0.5029898577720119,0.5639229734453818
100,51,5,0.6925236781438192,0.5027181795398412,0.501060909080053,0.5639229734453818
100,51,6,0.685474947879189,0.5042847593580778,0.5019506981527153,0.5639229734453818
100,51,7,0.6795395316436277,0.5041295082230666,0.505019612815899,0.5639229734453818
100,51,8,0.6730504572740075,0.5021539300534404,0.5023724473614077,0.5639229734453818
100,51,9,0.6729478640863072,0.5046914175947557,0.5052969980044254,0.5639229734453818
100,51,10,0.6722080853947422,0.5005998015320927,0.5024531189348417,0.5639229734453818
100,51,11,0.6751702867056194,0.5043911503769712,0.5062514942426548,0.5639229734453818
100,51,12,0.6706156793393587,0.5058156484414921,0.5076931875108031,0.5639229734453818
100,51,13,0.6693570770715412,0.5084279739326698,0.5111174148640647,0.5639229734453818
100,51,14,0.6677221861499095,0.5088067346028159,0.5171156613833435,0.5639229734453818
100,51,15,0.6675561181983055,0.5072097811635256,0.5142900390200195,0.5639229734453818
100,51,16,0.6651787482507048,0.5061129342041442,0.5101632340292992,0.5639229734453818
100,51,17,0.6676335003640916,0.5065941769062213,0.5098000346354696,0.5639229734453818
100,51,18,0.6656667450715227,0.5087196654262628,0.5117904720368971,0.5639229734453818
100,51,19,0.6621863559672707,0.5081853749564318,0.5126757955351682,0.5639229734453818
100,51,20,0.6646687785784403,0.5091843324173205,0.5148976732757675,0.5639229734453818
100,51,21,0.6669649307490789,0.507712835265096,0.5168453953981846,0.5639229734453818
100,51,22,0.6643461891782214,0.5081792883926787,0.5150285240790032,0.5639229734453818
100,51,23,0.6650205219698231,0.5073201072235133,0.5127070375611088,0.5639229734453818
100,51,24,0.6636243459076909,0.5072120907564164,0.5154518413077693,0.5639229734453818
100,51,25,0.661498050592099,0.5104574628650483,0.5149537618439479,0.5639229734453818
200,42,1,0.6939753603143811,0.5060003453288417,0.5077848752803442,0.501460519760082
200,42,2,0.6932239933132631,0.508723032852602,0.5089052692268042,0.501460519760082
200,42,3,0.6931888644131388,0.5085280608492144,0.509171877646983,0.501460519760082
200,42,4,0.6932128128669074,0.506389017504908,0.5059836558252644,0.501460519760082
200,42,5,0.6931953462327665,0.5072462620024516,0.5090544268908112,0.501460519760082
200,42,6,0.6932100935595659,0.5002457342155032,0.5003019786949897,0.501460519760082
200,42,7,0.6931467865017934,0.5005462392781138,0.5002941509226636,0.501460519760082
200,42,8,0.6931908805835296,0.4999914977393521,0.49998299518952805,0.501460519760082
200,42,9,0.6932088913264611,0.5,0.5,0.501460519760082
200,42,10,0.6931949881102534,0.5,0.5,0.501460519760082
200,42,11,0.6931689265358003,0.5,0.5,0.501460519760082
200,42,12,0.693238960014834,0.5,0.5,0.501460519760082
200,42,13,0.6931463168369784,0.5,0.5,0.501460519760082
200,42,14,0.6931823447532179,0.5,0.5,0.501460519760082
200,42,15,0.6931704349537609,0.5,0.5,0.501460519760082
200,42,16,0.6931756302034212,0.5,0.5,0.501460519760082
200,42,17,0.693172617324655,0.5,0.5,0.501460519760082
200,42,18,0.6932006203782014,0.5,0.5,0.501460519760082
200,42,19,0.6931945953626356,0.5,0.5,0.501460519760082
200,42,20,0.6931779960873711,0.5,0.5,0.501460519760082
200,42,21,0.693202404807712,0.5,0.5,0.501460519760082
200,42,22,0.6931851239125264,0.5,0.5,0.501460519760082
200,42,23,0.6931753084372683,0.5,0.5,0.501460519760082
200,42,24,0.693203910999773,0.5,0.5,0.501460519760082
200,42,25,0.6931890847771989,0.5,0.5,0.501460519760082
200,43,1,0.6936382020657488,0.5054134128002948,0.5074941105776278,0.5072411866968606
200,43,2,0.6932976799881805,0.5067283646214801,0.5122759757707189,0.5072411866968606
200,43,3,0.6928526905067729,0.5394987831223016,0.5542288969009936,0.5072411866968606
200,43,4,0.6826771950326025,0.6197229598113516,0.6446008026370256,0.5072411866968606
200,43,5,0.6802014683786765,0.6220199289873742,0.6462208950946011,0.5072411866968606
200,43,6,0.6768248333475897,0.6284021129290014,0.6540937099981659,0.5072411866968606
200,43,7,0.6758510262639691,0.6522191216968044,0.6839016870062605,0.5072411866968606
200,43,8,0.6680356689508525,0.6548288489797689,0.6871493124661749,0.5072411866968606
200,43,9,0.666773773822547,0.6549121129757614,0.6869303714436871,0.5072411866968606
200,43,10,0.6632039329323036,0.6550148513218935,0.6875038330070387,0.5072411866968606
200,43,11,0.6623361085955038,0.655098881552302,0.6877805284596187,0.5072411866968606
200,43,12,0.6662544407785186,0.6558018328415753,0.6876649285678403,0.5072411866968606
200,43,13,0.6644034101260649,0.6543333354755676,0.686669762355873,0.5072411866968606
200,43,14,0.662308315518486,0.6547757158045074,0.6872452235574226,0.5072411866968606
200,43,15,0.662463426837288,0.6543368152204407,0.6863484787157876,0.5072411866968606
200,43,16,0.6641546485335006,0.6549276167931184,0.6871736079848878,0.5072411866968606
200,43,17,0.6613538045111533,0.6557954521752543,0.6876520980787045,0.5072411866968606
200,43,18,0.6637848786298665,0.6556980247455548,0.6877871647747644,0.5072411866968606
200,43,19,0.6669770743837,0.6557842100289311,0.6874862325800588,0.5072411866968606
200,43,20,0.6657028764609974,0.6555955098977113,0.6872957620366233,0.5072411866968606
200,43,21,0.6640583736767908,0.6547887871737308,0.6873284153693437,0.5072411866968606
200,43,22,0.6664848337529606,0.654289343998221,0.6870859107261773,0.5072411866968606
200,43,23,0.6663807966897102,0.655205655100518,0.6877177025593939,0.5072411866968606
200,43,24,0.6651923790017599,0.6551336516265825,0.6869368737588337,0.5072411866968606
200,43,25,0.663799071460344,0.6560144982797205,0.6877334622193325,0.5072411866968606
200,44,1,0.6938863844297734,0.5038419955835747,0.5053888552448843,0.5026947888327117
200,44,2,0.6932262832693045,0.5049743245502755,0.505664772861534,0.5026947888327117
200,44,3,0.6931925606430813,0.5079479692067989,0.5084978241184945,0.5026947888327117
200,44,4,0.692657565427519,0.538507970427974,0.5495501695763908,0.5026947888327117
200,44,5,0.6799621943121629,0.6436169082857017,0.6734985097678625,0.5026947888327117
200,44,6,0.6747256171159229,0.6527999197608348,0.6848065484984639,0.5026947888327117
200,44,7,0.6691090246948463,0.6526702724429723,0.6849854531703635,0.5026947888327117
200,44,8,0.667781812521432,0.6529178145811816,0.6854223383999309,0.5026947888327117
200,44,9,0.6635902551199885,0.653026816382033,0.6847461223221908,0.5026947888327117
200,44,10,0.6634078062916198,0.6534112942328316,0.6854275585280175,0.5026947888327117
200,44,11,0.6623166369204699,0.6535292780188036,0.6854556329226856,0.5026947888327117
200,44,12,0.659057929308088,0.6527628875691882,0.6851547289665587,0.5026947888327117
200,44,13,0.6616520300445715,0.6534535800735811,0.6859176406163846,0.5026947888327117
200,44,14,0.6609585423687186,0.6538645446311872,0.6852400983935633,0.5026947888327117
200,44,15,0.6596403045278367,0.6535954532712182,0.6856851469489879,0.5026947888327117
200,44,16,0.660126399944432,0.6536449091953086,0.6855735190172789,0.5026947888327117
200,44,17,0.6624317364573973,0.6530959305892214,0.6853524569596031,0.5026947888327117
200,44,18,0.6611516760097994,0.6524696855129265,0.6849825009558344,0.5026947888327117
200,44,19,0.6593296201397274,0.6536781057988177,0.6854730642835123,0.5026947888327117
200,44,20,0.6660038079463595,0.6528248277297864,0.6849225086915395,0.5026947888327117
200,44,21,0.6612757375131504,0.6533619416550998,0.6854605918487682,0.5026947888327117
200,44,22,0.662744865625231,0.6529918227950041,0.6853327205035155,0.5026947888327117
200,44,23,0.6628844243362236,0.6528657608633984,0.6851153178298284,0.5026947888327117
200,44,24,0.6632932308303865,0.6537665673932583,0.6856021054360335,0.5026947888327117
200,44,25,0.6619289930430685,0.6539696741907314,0.6853712759711634,0.5026947888327117
200,45,1,0.6936826223654371,0.5050612088559014,0.5052295487738971,0.503418311113122
200,45,2,0.6931370214802596,0.5119024927616429,0.5143982132309737,0.503418311113122
200,45,3,0.6914881106728835,0.604760483311743,0.6224222811217714,0.503418311113122
200,45,4,0.6782751207035113,0.6289076390475723,0.655159859672171,0.503418311113122
200,45,5,0.674880664378281,0.6539572163322238,0.6858254527749552,0.503418311113122
200,45,6,0.6710978904700378,0.6544209013703659,0.6860552176165956,0.503418311113122
200,45,7,0.6696242798908123,0.6547774147414156,0.6867127857026577,0.503418311113122
200,45,8,0.6640153371446855,0.6553011048203763,0.6865376809917351,0.503418311113122
200,45,9,0.6615792483215015,0.6541352688330002,0.6862905349966515,0.503418311113122
200,45,10,0.6645751021709679,0.6539759800952731,0.6859681465837729,0.503418311113122
200,45,11,0.6627981306606309,0.6552414590229452,0.6865998423949691,0.503418311113122
200,45,12,0.6634806421782465,0.6552531123228456,0.6863313074397517,0.503418311113122
200,45,13,0.6654664238458847,0.6532375105963368,0.6858943194597023,0.503418311113122
200,45,14,0.6608455678239403,0.6538705448772042,0.6858171756435452,0.503418311113122
200,45,15,0.6630924185776612,0.6544388226217235,0.6861104573768884,0.503418311113122
200,45,16,0.6600196176050115,0.653972438147792,0.6855594600629615,0.503418311113122
200,45,17,0.6618350459826933,0.653706396641544,0.6860409243812646,0.503418311113122
200,45,18,0.6636101388337701,0.6540237296490542,0.6858148226506986,0.503418311113122
200,45,19,0.6626827729193502,0.6535584649493513,0.685967287063038,0.503418311113122
200,45,20,0.6608433874316235,0.6534139182000922,0.6857093456780907,0.503418311113122
200,45,21,0.6615205468973183,0.6536615496093272,0.6858769010472573,0.503418311113122
200,45,22,0.6600622017848541,0.6545110552497857,0.6864363651916177,0.503418311113122
200,45,23,0.666561524650368,0.6530968679352356,0.6859848860306689,0.503418311113122
200,45,24,0.6641432499489843,0.653561430316461,0.6858405886604984,0.503418311113122
200,45,25,0.6646705153572114,0.6540827651854083,0.6865110817248086,0.503418311113122
200,46,1,0.6938086342514798,0.506105424183359,0.5097502784572047,0.5105415057091403
200,46,2,0.6932564226918201,0.5110051722542885,0.5106120223517251,0.5105415057091403
200,46,3,0.6930670434013937,0.5213429935226528,0.5251303469089615,0.5105415057091403
200,46,4,0.6884163130863079,0.6214725287976206,0.6483200386001547,0.5105415057091403
200,46,5,0.677124583622232,0.65127622255522,0.6831693360601899,0.5105415057091403
200,46,6,0.674266723429019,0.6536779326192532,0.6859706332506199,0.5105415057091403
200,46,7,0.6667602005341241,0.6533336598424184,0.6859480935999402,0.5105415057091403
200,46,8,0.6671721776986024,0.6536905415731629,0.6858588687852419,0.5105415057091403
200,46,9,0.6663258854778971,0.654073761970097,0.6863380407496217,0.5105415057091403
200,46,10,0.6661811562494618,0.654253453628907,0.6862907220806429,0.5105415057091403
200,46,11,0.6639532070931558,0.6535075192671743,0.6857343822388754,0.5105415057091403
200,46,12,0.6622492774888193,0.6540810568880329,0.6859739445603062,0.5105415057091403
200,46,13,0.6654977412639317,0.6542832859927402,0.685753264664131,0.5105415057091403
200,46,14,0.6629381083353921,0.6529034373546363,0.6858185240288192,0.5105415057091403
200,46,15,0.6623137882636296,0.6533857748109126,0.6858386811436331,0.5105415057091403
200,46,16,0.6650899557157176,0.6533340696642231,0.6855061925801923,0.5105415057091403
200,46,17,0.6612265965750603,0.6537504314641669,0.6856756492764641,0.5105415057091403
200,46,18,0.663782906235501,0.6539091244039114,0.6861549046019283,0.5105415057091403
200,46,19,0.6630981829156519,0.6536240853546217,0.6861110887722778,0.5105415057091403
200,46,20,0.663426817205437,0.6542415080815017,0.6863413042036067,0.5105415057091403
200,46,21,0.663404934881139,0.6541642813043964,0.6863791338113788,0.5105415057091403
200,46,22,0.6619040718711758,0.6541279457899705,0.6859511793631923,0.5105415057091403
200,46,23,0.6580751078257422,0.6539017557045815,0.6859205900260144,0.5105415057091403
200,46,24,0.6561183286405697,0.6536423286513168,0.6856684690979299,0.5105415057091403
200,46,25,0.6600594124853364,0.6548707676228461,0.6860677754025617,0.5105415057091403
200,47,1,0.6941300830900422,0.5054807655647182,0.5053035673003519,0.5016612326852782
200,47,2,0.6932491625492998,0.5026844844721349,0.5028217140337743,0.5016612326852782
200,47,3,0.6932916186162545,0.5062813603305013,0.5075712984082665,0.5016612326852782
200,47,4,0.6932200119208498,0.5024044983473086,0.5013973640728582,0.5016612326852782
200,47,5,0.6931782990570385,0.5005307973972306,0.5009730860980321,0.5016612326852782
200,47,6,0.6931634391986483,0.49993788598496464,0.4998703867466556,0.5016612326852782
200,47,7,0.6931784066421857,0.4999868124473607,0.4999738171529287,0.5016612326852782
200,47,8,0.6931575128646312,0.5,0.5,0.5016612326852782
200,47,9,0.6932006715738922,0.5,0.5,0.5016612326852782
200,47,10,0.6931927142301536,0.5,0.5,0.5016612326852782
200,47,11,0.693202453530181,0.5,0.5,0.5016612326852782
200,47,12,0.6931278985070984,0.5,0.5,0.5016612326852782
200,47,13,0.6931531738443494,0.5,0.5,0.5016612326852782
200,47,14,0.6931596287058597,0.5,0.5,0.5016612326852782
200,47,15,0.6931647544579882,0.5,0.5,0.5016612326852782
200,47,16,0.6931503615438691,0.5,0.5,0.5016612326852782
200,47,17,0.6931713018179929,0.5,0.5,0.5016612326852782
200,47,18,0.6931995863241773,0.5,0.5,0.5016612326852782
200,47,19,0.6931864784960925,0.5,0.5,0.5016612326852782
200,47,20,0.6931845572974177,0.5,0.5,0.5016612326852782
200,47,21,0.6931864535165525,0.5,0.5,0.5016612326852782
200,47,22,0.6931544500267852,0.5,0.5,0.5016612326852782
200,47,23,0.6931922297260079,0.5,0.5,0.5016612326852782
200,47,24,0.6931766476868594,0.5,0.5,0.5016612326852782
200,47,25,0.6931907143830264,0.5,0.5,0.5016612326852782
200,48,1,0.6939355055820893,0.5041978438154797,0.5061383183368261,0.5040662925400234
200,48,2,0.6930785735613083,0.5122178355742172,0.5229116417668689,0.5040662925400234
200,48,3,0.6894117910337646,0.6296195674527892,0.6569127270820602,0.5040662925400234
200,48,4,0.6809861687209101,0.6512948259193667,0.6827274156253301,0.5040662925400234
200,48,5,0.6695107226549837,0.6533330352766653,0.6849498707618433,0.5040662925400234
200,48,6,0.6665926056284133,0.653176101542069,0.6851856713152124,0.5040662925400234
200,48,7,0.6655930481016389,0.6536239794512412,0.6851433799365308,0.5040662925400234
200,48,8,0.663952140145282,0.6545666958792067,0.6860840255416539,0.5040662925400234
200,48,9,0.6629199172945933,0.6540188927335072,0.6857596262620778,0.5040662925400234
200,48,10,0.6620650575863375,0.6541085318188835,0.685800965654655,0.5040662925400234
200,48,11,0.6642790199315399,0.6523666405452192,0.6851361228923276,0.5040662925400234
200,48,12,0.6612228632467911,0.6537988075492616,0.6856574726046106,0.5040662925400234
200,48,13,0.6618908725338852,0.6545990602064038,0.6861060765375425,0.5040662925400234
200,48,14,0.6619145699556438,0.6550282285586222,0.6862655431506502,0.5040662925400234
200,48,15,0.6623371997809508,0.6535267540225312,0.6858544057840052,0.5040662925400234
200,48,16,0.6632310866814926,0.6545031067333418,0.6862261461114092,0.5040662925400234
200,48,17,0.6599165690885045,0.6538804297453547,0.6854238756088781,0.5040662925400234
200,48,18,0.6638740268980319,0.6547518943805006,0.6862063653460062,0.5040662925400234
200,48,19,0.6628024217004104,0.6530722564350808,0.6854538142796485,0.5040662925400234
200,48,20,0.6626711233028237,0.6535229463244547,0.6858269055385399,0.5040662925400234
200,48,21,0.6648464403211823,0.6543845180124431,0.6857491147708419,0.5040662925400234
200,48,22,0.6629697052274997,0.6525144872448669,0.6853999183717346,0.5040662925400234
200,48,23,0.6631486423282702,0.6532471503487898,0.6857622898652261,0.5040662925400234
200,48,24,0.6608692138026859,0.6530071097153861,0.6856670149420542,0.5040662925400234
200,48,25,0.6628285013293824,0.6532406698683515,0.6853431613038266,0.5040662925400234
200,49,1,0.6939270622502719,0.504439629413776,0.5059364767050527,0.5019745398138108
200,49,2,0.6931783863617671,0.5078273026467987,0.5090416182743981,0.5019745398138108
200,49,3,0.6929205841543269,0.5198317850600663,0.5331198935538013,0.5019745398138108
200,49,4,0.6836256466465866,0.6467670398786468,0.677019495549827,0.5019745398138108
200,49,5,0.6727385441791962,0.6522480026854407,0.6841534567198198,0.5019745398138108
200,49,6,0.6692111126120159,0.6523033381911282,0.6843606001224508,0.5019745398138108
200,49,7,0.6677249969288521,0.6533325092704605,0.6846204165803158,0.5019745398138108
200,49,8,0.6651826589928623,0.6523284500748018,0.6845751113365987,0.5019745398138108
200,49,9,0.6655977234800822,0.6521930506706888,0.684060502711321,0.5019745398138108
200,49,10,0.662380832359504,0.6526096916824518,0.6848105014894789,0.5019745398138108
200,49,11,0.6660814275385433,0.653590041692652,0.6848818627212514,0.5019745398138108
200,49,12,0.6642435259838817,0.6514665402362516,0.6839906929305641,0.5019745398138108
200,49,13,0.6636304459631196,0.6510457504601573,0.6841627637235056,0.5019745398138108
200,49,14,0.6649264297544709,0.6523134565587079,0.6846341111526515,0.5019745398138108
200,49,15,0.6616469003352882,0.6518966824920297,0.6842071530577698,0.5019745398138108
200,49,16,0.6619262715098274,0.6524069730929198,0.6843414663944394,0.5019745398138108
200,49,17,0.6607824863239937,0.652299983173628,0.6846647893626029,0.5019745398138108
200,49,18,0.6628298650638691,0.6513964786569267,0.683913401484435,0.5019745398138108
200,49,19,0.66274073114039,0.6518749537145287,0.6844262191199707,0.5019745398138108
200,49,20,0.6605827682245816,0.6525081517868526,0.6841215262605188,0.5019745398138108
200,49,21,0.6620523993899713,0.6512084573693755,0.6839578775484847,0.5019745398138108
200,49,22,0.661713176001157,0.6518700892508622,0.6842409141271248,0.5019745398138108
200,49,23,0.659374446295109,0.6516167054031357,0.6840726222707514,0.5019745398138108
200,49,24,0.6610209343344344,0.6523543678972885,0.6844932340915068,0.5019745398138108
200,49,25,0.6604714584053799,0.6532795613258824,0.685264826912467,0.5019745398138108
200,50,1,0.6938693508567652,0.5063412635843769,0.5086743867064173,0.5034453885721852
200,50,2,0.6931319103201395,0.5142108415994326,0.5230422056595978,0.5034453885721852
200,50,3,0.6840334908101569,0.6341049668163415,0.6606159618985283,0.5034453885721852
200,50,4,0.6726982108784909,0.6536199392240308,0.6853320302277914,0.5034453885721852
200,50,5,0.6661138692832091,0.6539388091882832,0.6856609284900027,0.5034453885721852
200,50,6,0.6659528729331938,0.6539963208356674,0.6855167575172237,0.5034453885721852
200,50,7,0.6656719710816981,0.6540461310074239,0.6857075214658175,0.5034453885721852
200,50,8,0.6627962794541323,0.6541032680164469,0.68536380166819,0.5034453885721852
200,50,9,0.6644006532257524,0.6550563114406784,0.6861830806106042,0.5034453885721852
200,50,10,0.6620239447261288,0.6536287088101411,0.6854610119116658,0.5034453885721852
200,50,11,0.6629375419676057,0.6545429346204585,0.6859846906584566,0.5034453885721852
200,50,12,0.6626832138947926,0.6537391635729686,0.6854401515388766,0.5034453885721852
200,50,13,0.663650060590372,0.6544731022873846,0.6859127777828167,0.5034453885721852
200,50,14,0.6634088447974431,0.6539612041352193,0.6858305105689574,0.5034453885721852
200,50,15,0.6645807354282047,0.654258364478846,0.6858952886741184,0.5034453885721852
200,50,16,0.6630765231813138,0.6548785718901253,0.6862438383375575,0.5034453885721852
200,50,17,0.6630659457064269,0.6539096458292786,0.6855803934683485,0.5034453885721852
200,50,18,0.6623424650227875,0.6539108677785289,0.6857215889544642,0.5034453885721852
200,50,19,0.662160834583504,0.6549357218970053,0.6862726199436645,0.5034453885721852
200,50,20,0.6624109188550735,0.6541362804153481,0.6859035141071459,0.5034453885721852
200,50,21,0.6621738756346011,0.6534127418904193,0.6855725245620943,0.5034453885721852
200,50,22,0.6626174529063751,0.654203691802338,0.6857011359714682,0.5034453885721852
200,50,23,0.6635206927897029,0.654354156110439,0.6861204613842513,0.5034453885721852
200,50,24,0.6625776775645023,0.6538789803095651,0.6860069206691026,0.5034453885721852
200,50,25,0.6628323486731755,0.6543722359137877,0.6861669182539957,0.5034453885721852
200,51,1,0.6938593281255223,0.5018272161991144,0.5011303243967637,0.5068245552617056
200,51,2,0.693206764850379,0.5027594781363329,0.5033748183724949,0.5068245552617056
200,51,3,0.693203821963789,0.5060908298604081,0.5085995369338401,0.5068245552617056
200,51,4,0.6921296987790785,0.5682492173486464,0.5743637315622877,0.5068245552617056
200,51,5,0.6782527595634777,0.6452561939242673,0.6757036612686605,0.5068245552617056
200,51,6,0.6709014251519041,0.6530679558662387,0.6850493757097681,0.5068245552617056
200,51,7,0.6681209688859362,0.6534171365390515,0.6851899126959505,0.5068245552617056
200,51,8,0.6635590089307286,0.6539575364745497,0.685444956007471,0.5068245552617056
200,51,9,0.6653531747734893,0.652315597589601,0.6846564076920925,0.5068245552617056
200,51,10,0.6631377228068118,0.6537063584068084,0.6855751917526106,0.5068245552617056
200,51,11,0.6630788151159326,0.6529024234655582,0.6848937809739202,0.5068245552617056
200,51,12,0.6631435039627107,0.653438969090306,0.6851692936542109,0.5068245552617056
200,51,13,0.6611358513475948,0.6526927214051295,0.6850167260473781,0.5068245552617056
200,51,14,0.6631336432274941,0.6543112052644989,0.6859425036349224,0.5068245552617056
200,51,15,0.6598410129052474,0.6520495008713894,0.6845805228676981,0.5068245552617056
200,51,16,0.6613224388652817,0.6536844957129657,0.685866140531705,0.5068245552617056
200,51,17,0.6622650363633247,0.6537421468358116,0.6853329277910852,0.5068245552617056
200,51,18,0.6636505463311286,0.6526922705016859,0.6850522198964188,0.5068245552617056
200,51,19,0.6605805025061137,0.6527341640912067,0.6850140679477822,0.5068245552617056
200,51,20,0.6611498322229662,0.6530096304260442,0.6852672942214504,0.5068245552617056
200,51,21,0.6567335497294224,0.6526900725486602,0.6844416625446766,0.5068245552617056
200,51,22,0.6533171413350402,0.6533533595142431,0.6848897473367108,0.5068245552617056
200,51,23,0.6529235676611113,0.6532737950146233,0.6848529908801775,0.5068245552617056
200,51,24,0.6523994506642037,0.6539184704457794,0.6851219514907992,0.5068245552617056
200,51,25,0.6534001107532453,0.6539053707754368,0.6852510863798856,0.5068245552617056
